-- phpMyAdmin SQL Dump
-- version 5.0.3
-- https://www.phpmyadmin.net/
--
-- Host: localhost
-- Czas generowania: 28 Cze 2021, 22:40
-- Wersja serwera: 5.7.33-36
-- Wersja PHP: 7.4.19

SET SQL_MODE = "NO_AUTO_VALUE_ON_ZERO";
START TRANSACTION;
SET time_zone = "+00:00";


/*!40101 SET @OLD_CHARACTER_SET_CLIENT=@@CHARACTER_SET_CLIENT */;
/*!40101 SET @OLD_CHARACTER_SET_RESULTS=@@CHARACTER_SET_RESULTS */;
/*!40101 SET @OLD_COLLATION_CONNECTION=@@COLLATION_CONNECTION */;
/*!40101 SET NAMES utf8mb4 */;

--
-- Baza danych: `33700168_projekt`
--

-- --------------------------------------------------------

--
-- Struktura tabeli dla tabeli `booking`
--

CREATE TABLE `booking` (
  `id` int(11) NOT NULL,
  `id_seance` int(11) NOT NULL,
  `first_name` varchar(64) NOT NULL,
  `last_name` varchar(64) NOT NULL,
  `email` varchar(256) NOT NULL,
  `ip_address` varchar(32) NOT NULL,
  `booking_date` timestamp NOT NULL DEFAULT CURRENT_TIMESTAMP,
  `payment_status` int(11) NOT NULL DEFAULT '1',
  `payment_hash` varchar(32) NOT NULL,
  `access_token` varchar(256) NOT NULL,
  `status` int(11) NOT NULL DEFAULT '1'
) ENGINE=InnoDB DEFAULT CHARSET=utf8;

--
-- Zrzut danych tabeli `booking`
--

INSERT INTO `booking` (`id`, `id_seance`, `first_name`, `last_name`, `email`, `ip_address`, `booking_date`, `payment_status`, `payment_hash`, `access_token`, `status`) VALUES
(1, 6, 'Radosław', 'Gąskiej', 'radek@gaska.kp', '81.162.213.234', '2021-06-28 20:17:32', 1, '5QNhA1LPzjryLbw1BrWOjtUyiktnD6Um', 'mSOoKhYZ1rT8gtgzNg15lwjqgKkzkH4O', 1);

-- --------------------------------------------------------

--
-- Struktura tabeli dla tabeli `booking_seat`
--

CREATE TABLE `booking_seat` (
  `id` int(11) NOT NULL,
  `id_booking` int(11) NOT NULL,
  `id_seance` int(11) NOT NULL,
  `id_seat` int(11) NOT NULL
) ENGINE=InnoDB DEFAULT CHARSET=utf8;

--
-- Zrzut danych tabeli `booking_seat`
--

INSERT INTO `booking_seat` (`id`, `id_booking`, `id_seance`, `id_seat`) VALUES
(1, 1, 6, 251),
(2, 1, 6, 252),
(3, 1, 6, 253),
(4, 1, 6, 254);

-- --------------------------------------------------------

--
-- Struktura tabeli dla tabeli `country`
--

CREATE TABLE `country` (
  `id` int(11) NOT NULL,
  `name` varchar(64) NOT NULL,
  `iso` char(2) DEFAULT NULL,
  `iso3` char(3) DEFAULT NULL,
  `numcode` smallint(6) DEFAULT NULL
) ENGINE=InnoDB DEFAULT CHARSET=utf8;

--
-- Zrzut danych tabeli `country`
--

INSERT INTO `country` (`id`, `name`, `iso`, `iso3`, `numcode`) VALUES
(1, 'Andora', 'AD', 'I', 20),
(2, 'Zjednoczone Emiraty Arabskie', 'AE', 'ARE', 784),
(3, 'Afganistan', 'AF', 'AFG', 4),
(4, 'Antigua i Barbuda', 'AG', 'ATG', 28),
(5, 'Anguilla', 'AI', 'AIA', 660),
(6, 'Albania', 'AL', 'ALB', 8),
(7, 'Armenia', 'AM', 'ARM', 51),
(8, 'Antyle Holenderskie', 'AN', 'ANT', 530),
(9, 'Angola', 'AO', 'AGO', 24),
(10, 'Antarktyka', 'AQ', NULL, NULL),
(11, 'Argentyna', 'AR', 'ARG', 32),
(12, 'Samoa Amerykańskie', 'AS', 'ASM', 16),
(13, 'Austria', 'AT', 'AUT', 40),
(14, 'Australia', 'AU', 'AUS', 36),
(15, 'Aruba', 'AW', 'ABW', 533),
(16, 'Azerbejdżan', 'AZ', 'AZE', 31),
(17, 'Bośnia i Hercegowina', 'BA', 'BIH', 70),
(18, 'Barbados', 'BB', 'BRB', 52),
(19, 'Bangladesz', 'BD', 'BGD', 50),
(20, 'Belgia', 'BE', 'BEL', 56),
(21, 'Burkina Faso', 'BF', 'BFA', 854),
(22, 'Bułgaria', 'BG', 'BGR', 100),
(23, 'Bahrajn', 'BH', 'BHR', 48),
(24, 'Burundi', 'BI', 'BDI', 108),
(25, 'Benin', 'BJ', 'BEN', 204),
(26, 'Bermudy', 'BM', 'BMU', 60),
(27, 'Brunei Darussalam', 'BN', 'BRN', 96),
(28, 'Boliwia', 'BO', 'BOL', 68),
(29, 'Brazylia', 'BR', 'BRA', 76),
(30, 'Bahamy', 'BS', 'BHS', 44),
(31, 'Bhutan', 'BT', 'BTN', 64),
(32, 'Wyspa Bouveta', 'BV', NULL, NULL),
(33, 'Botswana', 'BW', 'BWA', 72),
(34, 'Białoruś', 'BY', 'BLR', 112),
(35, 'Belize', 'BZ', 'BLZ', 84),
(36, 'Kanada', 'CA', 'CAN', 124),
(37, 'Wyspy Kokosowe (Keelinga)', 'CC', NULL, NULL),
(38, 'Kongo, Demokratyczna Republika', 'CD', 'COD', 180),
(39, 'Republika Środkowoafrykańska', 'CF', 'CAF', 140),
(40, 'Kongo', 'CG', 'COG', 178),
(41, 'Szwajcaria', 'CH', 'CHE', 756),
(42, 'Wybrzeże Kości Słoniowej', 'CI', 'CIV', 384),
(43, 'Wyspy Cooka', 'CK', 'COK', 184),
(44, 'Chile', 'CL', 'CHL', 152),
(45, 'Kamerun', 'CM', 'CMR', 120),
(46, 'Chiny', 'CN', 'CHN', 156),
(47, 'Kolumbia', 'CO', 'COL', 170),
(48, 'Kostaryka', 'CR', 'CRI', 188),
(49, 'Serbia i Czarnogóra', 'CS', NULL, NULL),
(50, 'Kuba', 'CU', 'CUB', 192),
(51, 'Wyspy Zielonego Przylądka', 'CV', 'CPV', 132),
(52, 'Wyspa Bożego Narodzenia', 'CX', NULL, NULL),
(53, 'Cypr', 'CY', 'CYP', 196),
(54, 'Czechy', 'CZ', 'CZE', 203),
(55, 'Niemcy', 'DE', 'DEU', 276),
(56, 'Dżibuti', 'DJ', 'DJI', 262),
(57, 'Dania', 'DK', 'DNK', 208),
(58, 'Dominika', 'DM', 'DMA', 212),
(59, 'Dominikana', 'DO', 'DOM', 214),
(60, 'Algieria', 'DZ', 'DZA', 12),
(61, 'Ekwador', 'WE', 'ECU', 218),
(62, 'Estonia', 'EE', 'EST', 233),
(63, 'Egipt', 'EG', 'EGY', 818),
(64, 'Sahara Zachodnia', 'EH', 'ESH', 732),
(65, 'Erytrea', 'ER', 'ERI', 232),
(66, 'Hiszpania', 'ES', 'ESP', 724),
(67, 'Etiopia', 'ET', 'ETH', 231),
(68, 'Finlandia', 'FI', 'FIN', 246),
(69, 'Fidżi', 'FJ', 'FJI', 242),
(70, 'Falklandy (Malwiny)', 'FK', 'FLK', 238),
(71, 'Mikronezja, Sfederowane Stany', 'FM', 'FSM', 583),
(72, 'Wyspy Owcze', 'FO', 'FRO', 234),
(73, 'Francja', 'FR', 'FRA', 250),
(74, 'Gabon', 'GA', 'GAB', 266),
(75, 'Wielka Brytania', 'GB', 'GBR', 826),
(76, 'Grenada', 'GD', 'GRD', 308),
(77, 'Gruzja', 'GE', 'GEO', 268),
(78, 'Gujana Francuska', 'GF', 'GUF', 254),
(79, 'Ghana', 'GH', 'GHA', 288),
(80, 'Gibraltar', 'GI', 'GIB', 292),
(81, 'Grenlandia', 'GL', 'GRL', 304),
(82, 'Gambia', 'GM', 'GMB', 270),
(83, 'Gwinea', 'GN', 'GIN', 324),
(84, 'Gwadelupa', 'GP', 'GLP', 312),
(85, 'Gwinea Równikowa', 'GQ', 'GNQ', 226),
(86, 'Grecja', 'GR', 'GRC', 300),
(87, 'Gruzja Południowa i Sandwich Południowy', 'GS', NULL, NULL),
(88, 'Gwatemala', 'GT', 'GTM', 320),
(89, 'Guam', 'GU', 'GUM', 316),
(90, 'Gwinea Bissau', 'GW', 'GNB', 624),
(91, 'Gujana', 'GY', 'GUY', 328),
(92, 'Hongkong', 'HK', 'HKG', 344),
(93, 'Wyspy Heard i Mcdonald', 'HM', NULL, NULL),
(94, 'Honduras', 'HN', 'HND', 340),
(95, 'Chorwacja', 'HR', 'HRV', 191),
(96, 'Haiti', 'HT', 'HTI', 332),
(97, 'Węgry', 'HU', 'WĘG', 348),
(98, 'Indonezja', 'ID', 'IDN', 360),
(99, 'Irlandia', 'IE', 'IRL', 372),
(100, 'Izrael', 'IL', 'ISR', 376),
(101, 'Indie', 'IN', 'IND', 356),
(102, 'Brytyjskie Terytorium Oceanu Indyjskiego', 'IO', NULL, NULL),
(103, 'Irak', 'IQ', 'IRQ', 368),
(104, 'Iran, Islamska Republika', 'IR', 'IRN', 364),
(105, 'Islandia', 'IS', 'ISL', 352),
(106, 'Włochy', 'IT', 'ITA', 380),
(107, 'Jamajka', 'JM', 'JAM', 388),
(108, 'Jordania', 'JO', 'JOR', 400),
(109, 'Japonia', 'JP', 'JPN', 392),
(110, 'Kenia', 'KE', 'KEN', 404),
(111, 'Kirgistan', 'KG', 'KGZ', 417),
(112, 'Kambodża', 'KH', 'KHM', 116),
(113, 'Kiribati', 'KI', 'KIR', 296),
(114, 'Komory', 'KM', 'COM', 174),
(115, 'Saint Kitts i Nevis', 'KN', 'KNA', 659),
(116, 'Korea, Republika Ludowo-Demokratyczna', 'KP', 'PRK', 408),
(117, 'Korea, Republika', 'KR', 'KOR', 410),
(118, 'Kuwejt', 'KW', 'KWT', 414),
(119, 'Kajmany', 'KY', 'CYM', 136),
(120, 'Kazachstan', 'KZ', 'KAZ', 398),
(121, 'Laotańska Republika Ludowo-Demokratyczna', 'LA', 'LAO', 418),
(122, 'Liban', 'LB', 'LBN', 422),
(123, 'Święta Łucja', 'LC', 'LCA', 662),
(124, 'Liechtenstein', 'LI', 'LIE', 438),
(125, 'Sri Lanka', 'LK', 'ŁKA', 144),
(126, 'Liberia', 'LR', 'LBR', 430),
(127, 'Lesotho', 'LS', 'LSO', 426),
(128, 'Litwa', 'LT', 'LTU', 440),
(129, 'Luksemburg', 'LU', 'LUX', 442),
(130, 'Łotwa', 'LV', 'LVA', 428),
(131, 'Libijska Dżamahirija Arabska', 'LY', 'LBY', 434),
(132, 'Maroko', 'MA', 'MAR', 504),
(133, 'Monako', 'MC', 'MCO', 492),
(134, 'Mołdawia, Republika', 'MD', 'MDA', 498),
(135, 'Madagaskar', 'MG', 'MDG', 450),
(136, 'Wyspy Marshalla', 'MH', 'MHL', 584),
(137, 'Macedonia, Była Jugosłowiańska Republika', 'MK', 'MKD', 807),
(138, 'Mali', 'ML', 'MLI', 466),
(139, 'Myanmar', 'MM', 'MMR', 104),
(140, 'Mongolia', 'MN', 'MNG', 496),
(141, 'Makau', 'MO', 'MAC', 446),
(142, 'Marianie Północne', 'MP', 'MNP', 580),
(143, 'Martynika', 'MQ', 'MTQ', 474),
(144, 'Mauretania', 'MR', 'MRT', 478),
(145, 'Montserrat', 'MS', 'MSR', 500),
(146, 'Malta', 'MT', 'MLT', 470),
(147, 'Mauritius', 'MU', 'MUS', 480),
(148, 'Malediwy', 'MV', 'MDV', 462),
(149, 'Malawi', 'MW', 'MWI', 454),
(150, 'Meksyk', 'MX', 'MEX', 484),
(151, 'Malezja', 'MY', 'MYS', 458),
(152, 'Mozambik', 'MZ', 'MOZ', 508),
(153, 'Namibia', 'NA', 'NAM', 516),
(154, 'Nowa Kaledonia', 'NC', 'NCL', 540),
(155, 'Niger', 'NE', 'NER', 562),
(156, 'Wyspa Norfolk', 'NF', 'NFK', 574),
(157, 'Nigeria', 'NG', 'NGA', 566),
(158, 'Nikaragua', 'NI', 'NIC', 558),
(159, 'Holandia', 'NL', 'NLD', 528),
(160, 'Norwegia', 'NO', 'NOR', 578),
(161, 'Nepal', 'NP', 'NPL', 524),
(162, 'Nauru', 'NR', 'NRU', 520),
(163, 'Niue', 'NU', 'NIU', 570),
(164, 'Nowa Zelandia', 'NZ', 'NZL', 554),
(165, 'Oman', 'OM', 'OMN', 512),
(166, 'Panama', 'PA', 'PAN', 591),
(167, 'Peru', 'PE', 'PER', 604),
(168, 'Polinezja Francuska', 'PF', 'PYF', 258),
(169, 'Papua Nowa Gwinea', 'PG', 'PNG', 598),
(170, 'Filipiny', 'PH', 'PHL', 608),
(171, 'Pakistan', 'PK', 'PAK', 586),
(172, 'Polska', 'PL', 'POL', 616),
(173, 'Saint Pierre i Miquelon', 'PM', 'SPM', 666),
(174, 'Pitcairn', 'PN', 'PCN', 612),
(175, 'Puerto Rico', 'PR', 'PRI', 630),
(176, 'Terytorium Palestyny, okupowane', 'PS', NULL, NULL),
(177, 'Portugalia', 'PT', 'PRT', 620),
(178, 'Palau', 'PW', 'PLW', 585),
(179, 'Paragwaj', 'PY', 'PRY', 600),
(180, 'Katar', 'QA', 'QAT', 634),
(181, 'Zjazd', 'RE', 'REU', 638),
(182, 'Rumunia', 'RO', 'ROM', 642),
(183, 'Federacja Rosyjska', 'RU', 'RUS', 643),
(184, 'Rwanda', 'RW', 'RWA', 646),
(185, 'Arabia Saudyjska', 'SA', 'SAU', 682),
(186, 'Wyspy Salomona', 'SB', 'SLB', 90),
(187, 'Seszele', 'SC', 'SYC', 690),
(188, 'Sudan', 'SD', 'SDN', 736),
(189, 'Szwecja', 'SE', 'SWE', 752),
(190, 'Singapur', 'SG', 'SGP', 702),
(191, 'Święta Helena', 'SH', 'SHN', 654),
(192, 'Słowenia', 'SI', 'SVN', 705),
(193, 'Svalbard i Jan Mayen', 'SJ', 'SJM', 744),
(194, 'Słowacja', 'SK', 'SVK', 703),
(195, 'Sierra Leone', 'SL', 'SLE', 694),
(196, 'San Marino', 'SM', 'SMR', 674),
(197, 'Senegal', 'SN', 'SEN', 686),
(198, 'Somalia', 'SO', 'SOM', 706),
(199, 'Surinam', 'SR', 'SUR', 740),
(200, 'Sao Tome and Principe', 'ST', 'STP', 678),
(201, 'Salwador', 'SV', 'SLV', 222),
(202, 'Syryjska Republika Arabska', 'SY', 'SYR', 760),
(203, 'Swazi', 'SZ', 'SWZ', 748),
(204, 'Wyspy Turks i Caicos', 'TC', 'TCA', 796),
(205, 'Czad', 'TD', 'TCD', 148),
(206, 'Francuskie Terytoria Południowe', 'TF', NULL, NULL),
(207, 'Togo', 'TG', 'TGO', 768),
(208, 'Tajlandia', 'TH', 'THA', 764),
(209, 'Tadżykistan', 'TJ', 'TJK', 762),
(210, 'Tokelau', 'TK', 'TKL', 772),
(211, 'Timor Wschodni', 'TL', NULL, NULL),
(212, 'Turkmenistan', 'TM', 'TKM', 795),
(213, 'Tunezja', 'TN', 'TUN', 788),
(214, 'Tonga', 'TO', 'TON', 776),
(215, 'Turcja', 'TR', 'TUR', 792),
(216, 'Trynidad i Tobago', 'TT', 'TTO', 780),
(217, 'Tuvalu', 'TV', 'TUV', 798),
(218, 'Tajwan, Prowincja Chińska', 'TW', 'TWN', 158),
(219, 'Tanzania, Zjednoczona Republika', 'TZ', 'TZA', 834),
(220, 'Ukraina', 'UA', 'UKR', 804),
(221, 'Uganda', 'UG', 'UGA', 800),
(222, 'Dalekie Wyspy Mniejsze Stanów Zjednoczonych', 'UM', NULL, NULL),
(223, 'Stany Zjednoczone Ameryki (USA)', 'US', 'USA', 840),
(224, 'Urugwaj', 'UY', 'URY', 858),
(225, 'Uzbekistan', 'UZ', 'UZB', 860),
(226, 'Stolica Apostolska (Państwo Watykańskie)', 'VA', 'VAT', 336),
(227, 'Saint Vincent i Grenadyny', 'VC', 'VCT', 670),
(228, 'Wenezuela', 'VE', 'VEN', 862),
(229, 'Wyspy Dziewicze, Brytyjskie', 'VG', 'VGB', 92),
(230, 'Wyspy Dziewicze, USA', 'VI', 'VIR', 850),
(231, 'Wietnam', 'VN', 'VNM', 704),
(232, 'Vanuatu', 'VU', 'VUT', 548),
(233, 'Wallis i Futuna', 'WF', 'WLF', 876),
(234, 'Samoa', 'WS', 'WSM', 882),
(235, 'Jemen', 'YE', 'YEM', 887),
(236, 'Majotta', 'YT', NULL, NULL),
(237, 'RPA', 'ZA', 'ZAF', 710),
(238, 'Zambia', 'ZM', 'ZMB', 894),
(239, 'Zimbabwe', 'ZW', 'ZWE', 716);

-- --------------------------------------------------------

--
-- Struktura tabeli dla tabeli `director`
--

CREATE TABLE `director` (
  `id` int(11) NOT NULL,
  `name` varchar(512) NOT NULL,
  `description` text NOT NULL,
  `birth_date` timestamp NOT NULL,
  `birth_place` int(11) NOT NULL,
  `picture` int(11) DEFAULT NULL,
  `status` int(11) NOT NULL DEFAULT '1'
) ENGINE=InnoDB DEFAULT CHARSET=utf8;

--
-- Zrzut danych tabeli `director`
--

INSERT INTO `director` (`id`, `name`, `description`, `birth_date`, `birth_place`, `picture`, `status`) VALUES
(26, 'Anderson Paul', '', '1970-06-10 23:00:00', 1, 0, 1),
(27, 'Anderson Paul', '', '1970-06-10 23:00:00', 1, 0, 1),
(68, 'Biniez Adrian', '', '1970-06-10 23:00:00', 1, 0, 1),
(69, 'Brooks Adam', '', '1970-06-10 23:00:00', 1, 0, 1),
(70, 'Bach Aleksander', '', '1970-06-10 23:00:00', 1, 0, 1),
(71, 'Bicecci Alejandro', '', '1970-06-10 23:00:00', 1, 0, 1),
(72, 'Bałabanow Aleksiej', '', '1970-06-10 23:00:00', 1, 0, 1),
(73, 'Bousman Darren', '', '1970-06-10 23:00:00', 1, 0, 1),
(74, 'Bercot Emmanuelle', '', '1970-06-10 23:00:00', 1, 0, 1),
(75, 'Boon Dany', '', '1970-06-10 23:00:00', 1, 0, 1),
(76, 'Brevig Eric', '', '1970-06-10 23:00:00', 1, 0, 1),
(77, 'Bradley Dan', '', '1970-06-10 23:00:00', 1, 0, 1),
(78, 'Boyle Danny', '', '1970-06-10 23:00:00', 1, 0, 1),
(79, 'Banks Elizabeth', '', '1970-06-10 23:00:00', 1, 0, 1),
(80, 'Benmayor Daniel', '', '1970-06-10 23:00:00', 1, 0, 1),
(81, 'Bondarczuk Fiodor', '', '1970-06-10 23:00:00', 1, 0, 1),
(82, 'Bajon Filip', '', '1970-06-10 23:00:00', 1, 0, 1),
(83, 'Brannon Ash', '', '1970-06-10 23:00:00', 1, 0, 1),
(84, 'Butler Chris', '', '1970-06-10 23:00:00', 1, 0, 1),
(85, 'Ballantyne Armagan', '', '1970-06-10 23:00:00', 1, 0, 1),
(86, 'Buck Chris', '', '1970-06-10 23:00:00', 1, 0, 1),
(87, 'Bell Anthony', '', '1970-06-10 23:00:00', 1, 0, 1),
(88, 'Brunker Cal', '', '1970-06-10 23:00:00', 1, 0, 1),
(89, 'Bertino Bryan', '', '1970-06-10 23:00:00', 1, 0, 1),
(90, 'Brady Colin', '', '1970-06-10 23:00:00', 1, 0, 1),
(91, 'Bird Brad', '', '1970-06-10 23:00:00', 1, 0, 1),
(92, 'Berri Claude', '', '1970-06-10 23:00:00', 1, 0, 1),
(93, 'Brzeskot Bartosz', '', '1970-06-10 23:00:00', 1, 0, 1),
(94, 'Białowąs Barbara', '', '1970-06-10 23:00:00', 1, 0, 1),
(95, 'Barbe Vladlen', '', '1970-06-10 23:00:00', 1, 0, 1),
(96, 'Ball Wes', '', '1970-06-10 23:00:00', 1, 0, 1),
(97, 'Becker Walt', '', '1970-06-10 23:00:00', 1, 0, 1),
(98, 'Barczyk Łukasz', '', '1970-06-10 23:00:00', 1, 0, 1),
(99, 'Baumann Tobi', '', '1970-06-10 23:00:00', 1, 0, 1),
(100, 'Boudali Tarek', '', '1970-06-10 23:00:00', 1, 0, 1),
(102, 'Briet Laurent', '', '1970-06-10 23:00:00', 1, 0, 1),
(103, 'Bonhote Ian', '', '1970-06-10 23:00:00', 1, 0, 1),
(104, 'Blair David', '', '1970-06-10 23:00:00', 1, 0, 1),
(105, 'Bouron Arnaud', '', '1970-06-10 23:00:00', 1, 0, 1),
(106, 'Bathurst Otto', '', '1970-06-10 23:00:00', 1, 0, 1),
(107, 'Boden Anna', '', '1970-06-10 23:00:00', 1, 0, 1),
(108, 'Bukowska Ewa', '', '1970-06-10 23:00:00', 1, 0, 1),
(109, 'Brown Dylan', '', '1970-06-10 23:00:00', 1, 0, 1),
(110, 'Bernstein Assaf', '', '1970-06-10 23:00:00', 1, 0, 1),
(111, 'Bedeschi Giovanni', '', '1970-06-10 23:00:00', 1, 0, 1),
(112, 'Block Andrea', '', '1970-06-10 23:00:00', 1, 0, 1),
(113, 'Berlinger Joe', '', '1970-06-10 23:00:00', 1, 0, 1),
(114, 'Baldoni Justin', '', '1970-06-10 23:00:00', 1, 0, 1),
(115, 'Bruno Nick', '', '1970-06-10 23:00:00', 1, 0, 1),
(116, 'Berloff Andrea', '', '1970-06-10 23:00:00', 1, 0, 1),
(117, 'Beck Scott', '', '1970-06-10 23:00:00', 1, 0, 1),
(118, 'Bieniek Olga', '', '1970-06-10 23:00:00', 1, 0, 1),
(119, 'Bedos Nicolas', '', '1970-06-10 23:00:00', 1, 0, 1),
(120, 'Borte Derrick', '', '1970-06-10 23:00:00', 1, 0, 1),
(121, 'Bellocchio Marco', '', '1970-06-10 23:00:00', 1, 0, 1),
(122, 'Barczewski Maciej', '', '1970-06-10 23:00:00', 1, 0, 1),
(123, 'Bush Gerard', '', '1970-06-10 23:00:00', 1, 0, 1),
(124, 'Bezucha Thomas', '', '1970-06-10 23:00:00', 1, 0, 1),
(125, 'Boehm Gero', '', '1970-06-10 23:00:00', 1, 0, 1),
(126, 'Barbakow Max', '', '1970-06-10 23:00:00', 1, 0, 1),
(127, 'Beauvois Xavier', '', '1970-06-10 23:00:00', 1, 0, 1),
(128, 'Braff Zach', '', '1970-06-10 23:00:00', 1, 0, 1),
(129, 'Bell William', '', '1970-06-10 23:00:00', 1, 0, 1),
(130, 'Babicka Ewa', '', '1970-06-10 23:00:00', 1, 0, 1),
(131, 'Benamou Nicolas', '', '1970-06-10 23:00:00', 1, 0, 1),
(132, 'Bławut Jacek', '', '1970-06-10 23:00:00', 1, 0, 1),
(133, 'Berlanti Greg', '', '1970-06-10 23:00:00', 1, 0, 1),
(134, 'Bromski Jacek', '', '1970-06-10 23:00:00', 1, 0, 1),
(135, 'Borcuch Jacek', '', '1970-06-10 23:00:00', 1, 0, 1),
(136, 'Bobin James', '', '1970-06-10 23:00:00', 1, 0, 1),
(137, 'Boruń Jakub', '', '1970-06-10 23:00:00', 1, 0, 1),
(138, 'Baker Howard', '', '1970-06-10 23:00:00', 1, 0, 1),
(139, 'Brooks James', '', '1970-06-10 23:00:00', 1, 0, 1),
(140, 'Bier Susanne', '', '1970-06-10 23:00:00', 1, 0, 1),
(141, 'Brylski Ryszard', '', '1970-06-10 23:00:00', 1, 0, 1),
(142, 'Beattie Stuart', '', '1970-06-10 23:00:00', 1, 0, 1),
(143, 'Bayer Samuel', '', '1970-06-10 23:00:00', 1, 0, 1),
(144, 'Bugajski Ryszard', '', '1970-06-10 23:00:00', 1, 0, 1),
(145, 'Brill Steven', '', '1970-06-10 23:00:00', 1, 0, 1),
(146, 'Bekmambetow Timur', '', '1970-06-10 23:00:00', 1, 0, 1),
(147, 'Black Shane', '', '1970-06-10 23:00:00', 1, 0, 1),
(148, 'Berman Shari', '', '1970-06-10 23:00:00', 1, 0, 1),
(149, 'Bagiński Tomasz', '', '1970-06-10 23:00:00', 1, 0, 1),
(150, 'Barina Tomas', '', '1970-06-10 23:00:00', 1, 0, 1),
(151, 'Bodenstein Thomas', '', '1970-06-10 23:00:00', 1, 0, 1),
(152, 'Bodrov Sergey', '', '1970-06-10 23:00:00', 1, 0, 1),
(153, 'Burton Tim', '', '1970-06-10 23:00:00', 1, 0, 1),
(154, 'Bekmambetov Timur', '', '1970-06-10 23:00:00', 1, 0, 1),
(155, 'Bogdanovich Peter', '', '1970-06-10 23:00:00', 1, 0, 1),
(156, 'Billingsley Peter', '', '1970-06-10 23:00:00', 1, 0, 1),
(157, 'Berg Peter', '', '1970-06-10 23:00:00', 1, 0, 1),
(158, 'Bork Mirosław', '', '1970-06-10 23:00:00', 1, 0, 1),
(159, 'Bezar Miraz', '', '1970-06-10 23:00:00', 1, 0, 1),
(160, 'Borowski Paweł', '', '1970-06-10 23:00:00', 1, 0, 1),
(161, 'Bay Michael', '', '1970-06-10 23:00:00', 1, 0, 1),
(162, 'Bielawski Michał', '', '1970-06-10 23:00:00', 1, 0, 1),
(163, 'Bassett Michael', '', '1970-06-10 23:00:00', 1, 0, 1),
(164, 'Burstein Nanette', '', '1970-06-10 23:00:00', 1, 0, 1),
(165, 'Bornedal Ole', '', '1970-06-10 23:00:00', 1, 0, 1),
(166, 'Baumbach Noah', '', '1970-06-10 23:00:00', 1, 0, 1),
(167, 'Benton Robert', '', '1970-06-10 23:00:00', 1, 0, 1),
(168, 'Blomkamp Neill', '', '1970-06-10 23:00:00', 1, 0, 1),
(169, 'Broomfield Nick', '', '1970-06-10 23:00:00', 1, 0, 1),
(170, 'Burger Neil', '', '1970-06-10 23:00:00', 1, 0, 1),
(171, 'Bean Charlie', '', '1970-06-10 23:00:00', 1, 0, 1),
(172, 'Benzaquen Arthur', '', '1970-06-10 23:00:00', 1, 0, 1),
(173, 'Blackburn Farren', '', '1970-06-10 23:00:00', 1, 0, 1),
(174, 'Bareja Stanisław', '', '1970-06-10 23:00:00', 1, 0, 1),
(175, 'Bosch Rose', '', '1970-06-10 23:00:00', 1, 0, 1),
(176, 'Bustillo Alexandre', '', '1970-06-10 23:00:00', 1, 0, 1),
(177, 'Brownlow Mark', '', '1970-06-10 23:00:00', 1, 0, 1),
(178, 'Baker Sean', '', '1970-06-10 23:00:00', 1, 0, 1),
(179, 'Balda Kyle', '', '1970-06-10 23:00:00', 1, 0, 1),
(180, 'Branagh Kenneth', '', '1970-06-10 23:00:00', 1, 0, 1),
(181, 'Balagueró Jaume', '', '1970-06-10 23:00:00', 1, 0, 1),
(182, 'Bigelow Kathryn', '', '1970-06-10 23:00:00', 1, 0, 1),
(183, 'Buscarini Juan', '', '1970-06-10 23:00:00', 1, 0, 1),
(184, 'Bayona Juan', '', '1970-06-10 23:00:00', 1, 0, 1),
(185, 'Bettinelli-Olpin Matt', '', '1970-06-10 23:00:00', 1, 0, 1),
(186, 'Burton Mark', '', '1970-06-10 23:00:00', 1, 0, 1),
(187, 'Bochniak Maciej', '', '1970-06-10 23:00:00', 1, 0, 1),
(188, 'Baird Jon', '', '1970-06-10 23:00:00', 1, 0, 1),
(189, 'Besson Luc', '', '1970-06-10 23:00:00', 1, 0, 1),
(190, 'Blanco Jorge', '', '1970-06-10 23:00:00', 1, 0, 1),
(191, 'Bong Joon-ho', '', '1970-06-10 23:00:00', 1, 0, 1),
(192, 'Boone Josh', '', '1970-06-10 23:00:00', 1, 0, 1),
(193, 'Bendjelloul Malik', '', '1970-06-10 23:00:00', 1, 0, 1),
(194, 'Bradke Marcin', '', '1970-06-10 23:00:00', 1, 0, 1),
(195, 'Csupo Gabor', '', '1970-06-10 23:00:00', 1, 0, 1),
(196, 'Clooney George', '', '1970-06-10 23:00:00', 1, 0, 1),
(197, 'Coixet Isabel', '', '1970-06-10 23:00:00', 1, 0, 1),
(198, 'Cameron James', '', '1970-06-10 23:00:00', 1, 0, 1),
(199, 'Campion Jane', '', '1970-06-10 23:00:00', 1, 0, 1),
(200, 'Cronk Harold', '', '1970-06-10 23:00:00', 1, 0, 1),
(201, 'Canet Guillaume', '', '1970-06-10 23:00:00', 1, 0, 1),
(202, 'Coogler Ryan', '', '1970-06-10 23:00:00', 1, 0, 1),
(203, 'Crowley John', '', '1970-06-10 23:00:00', 1, 0, 1),
(204, 'Core Ericson', '', '1970-06-10 23:00:00', 1, 0, 1),
(205, 'Choi Yoon', '', '1970-06-10 23:00:00', 1, 0, 1),
(206, 'Craven Wes', '', '1970-06-10 23:00:00', 1, 0, 1),
(207, 'Chotinienko Wladimir', '', '1970-06-10 23:00:00', 1, 0, 1),
(208, 'Crowe Russell', '', '1970-06-10 23:00:00', 1, 0, 1),
(209, 'Cundieff Rusty', '', '1970-06-10 23:00:00', 1, 0, 1),
(210, 'Chomet Sylvain', '', '1970-06-10 23:00:00', 1, 0, 1),
(211, 'Chęciński Sylwester', '', '1970-06-10 23:00:00', 1, 0, 1),
(212, 'Carr Steve', '', '1970-06-10 23:00:00', 1, 0, 1),
(213, 'Clements Ron', '', '1970-06-10 23:00:00', 1, 0, 1),
(214, 'Coppola Sofia', '', '1970-06-10 23:00:00', 1, 0, 1),
(215, 'Curtis Simon', '', '1970-06-10 23:00:00', 1, 0, 1),
(216, 'Ching Siu-Tung', '', '1970-06-10 23:00:00', 1, 0, 1),
(217, 'Cooper Scott', '', '1970-06-10 23:00:00', 1, 0, 1),
(218, 'Campos Sebastian', '', '1970-06-10 23:00:00', 1, 0, 1),
(219, 'Cabezas Paco', '', '1970-06-10 23:00:00', 1, 0, 1),
(220, 'Chu John', '', '1970-06-10 23:00:00', 1, 0, 1),
(221, 'Chu Galen', '', '1970-06-10 23:00:00', 1, 0, 1),
(222, 'Cheney Yarrow', '', '1970-06-10 23:00:00', 1, 0, 1),
(223, 'Cleland Jerrica', '', '1970-06-10 23:00:00', 1, 0, 1),
(224, 'Chelsom Peter', '', '1970-06-10 23:00:00', 1, 0, 1),
(225, 'Chan Peter', '', '1970-06-10 23:00:00', 1, 0, 1),
(226, 'Cattaneo Peter', '', '1970-06-10 23:00:00', 1, 0, 1),
(227, 'Cornwell Peter', '', '1970-06-10 23:00:00', 1, 0, 1),
(228, 'Chaumeil Pascal', '', '1970-06-10 23:00:00', 1, 0, 1),
(229, 'Chochlew Paweł', '', '1970-06-10 23:00:00', 1, 0, 1),
(230, 'Czuchraj Paweł', '', '1970-06-10 23:00:00', 1, 0, 1),
(231, 'Czarzasty Paweł', '', '1970-06-10 23:00:00', 1, 0, 1),
(232, 'Curtis Richard', '', '1970-06-10 23:00:00', 1, 0, 1),
(233, 'Chan-Wook Park', '', '1970-06-10 23:00:00', 1, 0, 1),
(234, 'Chun Oxide', '', '1970-06-10 23:00:00', 1, 0, 1),
(235, 'Cohen Rob', '', '1970-06-10 23:00:00', 1, 0, 1),
(236, 'Coffin Pierre', '', '1970-06-10 23:00:00', 1, 0, 1),
(237, 'Cassavetes Nick', '', '1970-06-10 23:00:00', 1, 0, 1),
(238, 'Chauveron Philippe', '', '1970-06-10 23:00:00', 1, 0, 1),
(239, 'Cuche Nicolas', '', '1970-06-10 23:00:00', 1, 0, 1),
(240, 'Charles Larry', '', '1970-06-10 23:00:00', 1, 0, 1),
(241, 'Coen Joel', '', '1970-06-10 23:00:00', 1, 0, 1),
(242, 'Carney John', '', '1970-06-10 23:00:00', 1, 0, 1),
(243, 'Cantet Laurent', '', '1970-06-10 23:00:00', 1, 0, 1),
(244, 'Colombani Laetitia', '', '1970-06-10 23:00:00', 1, 0, 1),
(245, 'Carnahan Joe', '', '1970-06-10 23:00:00', 1, 0, 1),
(246, 'Cholodenko Lisa', '', '1970-06-10 23:00:00', 1, 0, 1),
(247, 'Clichy Louis', '', '1970-06-10 23:00:00', 1, 0, 1),
(248, 'Chandrasekhar Jay', '', '1970-06-10 23:00:00', 1, 0, 1),
(249, 'Collet-Serra Jaume', '', '1970-06-10 23:00:00', 1, 0, 1),
(250, 'Campanella Juan', '', '1970-06-10 23:00:00', 1, 0, 1),
(251, 'Chen Kaige', '', '1970-06-10 23:00:00', 1, 0, 1),
(252, 'Campbell Martin', '', '1970-06-10 23:00:00', 1, 0, 1),
(253, 'Clapp Martin', '', '1970-06-10 23:00:00', 1, 0, 1),
(254, 'Chadwick Justin', '', '1970-06-10 23:00:00', 1, 0, 1),
(256, 'Czajkowski Maciej', '', '1970-06-10 23:00:00', 1, 0, 1),
(257, 'Chu Jon', '', '1970-06-10 23:00:00', 1, 0, 1),
(258, 'Carey Maggie', '', '1970-06-10 23:00:00', 1, 0, 1),
(259, 'Chopra Aditya', '', '1970-06-10 23:00:00', 1, 0, 1),
(260, 'Coulter Allen', '', '1970-06-10 23:00:00', 1, 0, 1),
(261, 'Courtes Alexandre', '', '1970-06-10 23:00:00', 1, 0, 1),
(262, 'Cuarn Alfonso', '', '1970-06-10 23:00:00', 1, 0, 1),
(263, 'Colls Alex', '', '1970-06-10 23:00:00', 1, 0, 1),
(264, 'Chabat Alain', '', '1970-06-10 23:00:00', 1, 0, 1),
(265, 'Charhon David', '', '1970-06-10 23:00:00', 1, 0, 1),
(266, 'Coen Ethan', '', '1970-06-10 23:00:00', 1, 0, 1),
(267, 'Cronenberg David', '', '1970-06-10 23:00:00', 1, 0, 1),
(268, 'Cohen Daniel', '', '1970-06-10 23:00:00', 1, 0, 1),
(269, 'Coppola Francis', '', '1970-06-10 23:00:00', 1, 0, 1),
(270, 'Coraci Frank', '', '1970-06-10 23:00:00', 1, 0, 1),
(271, 'Cianfrance Derek', '', '1970-06-10 23:00:00', 1, 0, 1),
(272, 'Cunningham David', '', '1970-06-10 23:00:00', 1, 0, 1),
(273, 'Crowe Cameron', '', '1970-06-10 23:00:00', 1, 0, 1),
(274, 'Columbus Chris', '', '1970-06-10 23:00:00', 1, 0, 1),
(275, 'Carter Chris', '', '1970-06-10 23:00:00', 1, 0, 1),
(276, 'Corbijn Anton', '', '1970-06-10 23:00:00', 1, 0, 1),
(277, 'Chapman Brenda', '', '1970-06-10 23:00:00', 1, 0, 1),
(278, 'Cameron Cody', '', '1970-06-10 23:00:00', 1, 0, 1),
(279, 'Condon Bill', '', '1970-06-10 23:00:00', 1, 0, 1),
(280, 'Chazelle Damien', '', '1970-06-10 23:00:00', 1, 0, 1),
(281, 'Christiansen Christian', '', '1970-06-10 23:00:00', 1, 0, 1),
(282, 'Cook Barry', '', '1970-06-10 23:00:00', 1, 0, 1),
(283, 'Caro Niki', '', '1970-06-10 23:00:00', 1, 0, 1),
(284, 'Cullen Robb', '', '1970-06-10 23:00:00', 1, 0, 1),
(285, 'Cullen Mark', '', '1970-06-10 23:00:00', 1, 0, 1),
(286, 'Cohen Andrew', '', '1970-06-10 23:00:00', 1, 0, 1),
(287, 'Cuesta Michael', '', '1970-06-10 23:00:00', 1, 0, 1),
(288, 'Chbosky Stephen', '', '1970-06-10 23:00:00', 1, 0, 1),
(289, 'Claus Richard', '', '1970-06-10 23:00:00', 1, 0, 1),
(290, 'Charon Jakub', '', '1970-06-10 23:00:00', 1, 0, 1),
(291, 'Cyba Jarosław', '', '1970-06-10 23:00:00', 1, 0, 1),
(292, 'Cantell Saara', '', '1970-06-10 23:00:00', 1, 0, 1),
(293, 'Cleary Noel', '', '1970-06-10 23:00:00', 1, 0, 1),
(294, 'Cannon Kay', '', '1970-06-10 23:00:00', 1, 0, 1),
(295, 'Cornillac Clovis', '', '1970-06-10 23:00:00', 1, 0, 1),
(296, 'Cooper Bradley', '', '1970-06-10 23:00:00', 1, 0, 1),
(297, 'Cortese Fabrizio', '', '1970-06-10 23:00:00', 1, 0, 1),
(298, 'Cooley Josh', '', '1970-06-10 23:00:00', 1, 0, 1),
(299, 'Chaciński Michał', '', '1970-06-10 23:00:00', 1, 0, 1),
(300, 'Cervone Tony', '', '1970-06-10 23:00:00', 1, 0, 1),
(301, 'Capotondi Giuseppe', '', '1970-06-10 23:00:00', 1, 0, 1),
(302, 'Cotelo Juan', '', '1970-06-10 23:00:00', 1, 0, 1),
(303, 'Cretton Destin', '', '1970-06-10 23:00:00', 1, 0, 1),
(304, 'Chester John', '', '1970-06-10 23:00:00', 1, 0, 1),
(305, 'Chaves Michael', '', '1970-06-10 23:00:00', 1, 0, 1),
(306, 'Chollat Ladislas', '', '1970-06-10 23:00:00', 1, 0, 1),
(307, 'Chase Jacob', '', '1970-06-10 23:00:00', 1, 0, 1),
(308, 'Culton Jill', '', '1970-06-10 23:00:00', 1, 0, 1),
(309, 'Coiro Kat', '', '1970-06-10 23:00:00', 1, 0, 1),
(310, 'Casarosa Enrico', '', '1970-06-10 23:00:00', 1, 0, 1),
(311, 'Connolly Robert', '', '1970-06-10 23:00:00', 1, 0, 1),
(312, 'Chung Lee', '', '1970-06-10 23:00:00', 1, 0, 1),
(313, 'Carax Leos', '', '1970-06-10 23:00:00', 1, 0, 1),
(314, 'Cooke Dominic', '', '1970-06-10 23:00:00', 1, 0, 1),
(315, 'Couturier Andres', '', '1970-06-10 23:00:00', 1, 0, 1),
(316, 'Chaganty Aneesh', '', '1970-06-10 23:00:00', 1, 0, 1),
(317, 'Dobrzycki Adam', '', '1970-06-10 23:00:00', 1, 0, 1),
(318, 'Dominik Andrew', '', '1970-06-10 23:00:00', 1, 0, 1),
(319, 'Dolan Xavier', '', '1970-06-10 23:00:00', 1, 0, 1),
(320, 'Darnell Eric', '', '1970-06-10 23:00:00', 1, 0, 1),
(321, 'Dobkin David', '', '1970-06-10 23:00:00', 1, 0, 1),
(322, 'Donnellan Declan', '', '1970-06-10 23:00:00', 1, 0, 1),
(323, 'DeBlois Dean', '', '1970-06-10 23:00:00', 1, 0, 1),
(324, 'Donnersmarck Florian', '', '1970-06-10 23:00:00', 1, 0, 1),
(325, 'Darabont Frank', '', '1970-06-10 23:00:00', 1, 0, 1),
(326, 'Dugan Denis', '', '1970-06-10 23:00:00', 1, 0, 1),
(327, 'Dugan Dennis', '', '1970-06-10 23:00:00', 1, 0, 1),
(328, 'Delamarre Camille', '', '1970-06-10 23:00:00', 1, 0, 1),
(329, 'Dana Audrey', '', '1970-06-10 23:00:00', 1, 0, 1),
(330, 'Doucette Bob', '', '1970-06-10 23:00:00', 1, 0, 1),
(331, 'DuVernay Ava', '', '1970-06-10 23:00:00', 1, 0, 1),
(332, 'Ditter Christian', '', '1970-06-10 23:00:00', 1, 0, 1),
(333, 'Dejczer Maciej', '', '1970-06-10 23:00:00', 1, 0, 1),
(334, 'Dougherty Michael', '', '1970-06-10 23:00:00', 1, 0, 1),
(335, 'Drozdowicz Tomasz', '', '1970-06-10 23:00:00', 1, 0, 1),
(336, 'Demme Jonathan', '', '1970-06-10 23:00:00', 1, 0, 1),
(337, 'Dy Paolo', '', '1970-06-10 23:00:00', 1, 0, 1),
(338, 'Dyson Jeremy', '', '1970-06-10 23:00:00', 1, 0, 1),
(339, 'Dzianowicz Beata', '', '1970-06-10 23:00:00', 1, 0, 1),
(340, 'Delić Denis', '', '1970-06-10 23:00:00', 1, 0, 1),
(341, 'Dubosc Franck', '', '1970-06-10 23:00:00', 1, 0, 1),
(342, 'DiSalvo Lino', '', '1970-06-10 23:00:00', 1, 0, 1),
(343, 'Dawson Roxann', '', '1970-06-10 23:00:00', 1, 0, 1),
(344, 'Dauberman Gary', '', '1970-06-10 23:00:00', 1, 0, 1),
(345, 'Dhont Lukas', '', '1970-06-10 23:00:00', 1, 0, 1),
(346, 'Dohrn Walt', '', '1970-06-10 23:00:00', 1, 0, 1),
(347, 'Doremus Drake', '', '1970-06-10 23:00:00', 1, 0, 1),
(348, 'DaCosta Nia', '', '1970-06-10 23:00:00', 1, 0, 1),
(349, 'Durkin Sean', '', '1970-06-10 23:00:00', 1, 0, 1),
(350, 'DuVall Clea', '', '1970-06-10 23:00:00', 1, 0, 1),
(351, 'Dupontel Albert', '', '1970-06-10 23:00:00', 1, 0, 1),
(352, 'Dormael Jaco', '', '1970-06-10 23:00:00', 1, 0, 1),
(353, 'Dębska Kinga', '', '1970-06-10 23:00:00', 1, 0, 1),
(354, 'Duguay Christian', '', '1970-06-10 23:00:00', 1, 0, 1),
(355, 'Dunne Griffin', '', '1970-06-10 23:00:00', 1, 0, 1),
(356, 'Deutch Howard', '', '1970-06-10 23:00:00', 1, 0, 1),
(357, 'Dobrowolski Irek', '', '1970-06-10 23:00:00', 1, 0, 1),
(358, 'Dhalia Heitor', '', '1970-06-10 23:00:00', 1, 0, 1),
(359, 'DeMonaco James', '', '1970-06-10 23:00:00', 1, 0, 1),
(360, 'Duffy James', '', '1970-06-10 23:00:00', 1, 0, 1),
(361, 'Daldry Stephen', '', '1970-06-10 23:00:00', 1, 0, 1),
(362, 'Donaldson Roger', '', '1970-06-10 23:00:00', 1, 0, 1),
(363, 'Dey Tom', '', '1970-06-10 23:00:00', 1, 0, 1),
(364, 'Derrickson Scott', '', '1970-06-10 23:00:00', 1, 0, 1),
(365, 'Dibb Saul', '', '1970-06-10 23:00:00', 1, 0, 1),
(366, 'Disa Mike', '', '1970-06-10 23:00:00', 1, 0, 1),
(367, 'Docter Pete', '', '1970-06-10 23:00:00', 1, 0, 1),
(368, 'Danquart Pepe', '', '1970-06-10 23:00:00', 1, 0, 1),
(369, 'Dodd Peter', '', '1970-06-10 23:00:00', 1, 0, 1),
(370, 'Docter Peter', '', '1970-06-10 23:00:00', 1, 0, 1),
(371, 'Dowse Michael', '', '1970-06-10 23:00:00', 1, 0, 1),
(372, 'Dahan Olivier', '', '1970-06-10 23:00:00', 1, 0, 1),
(373, 'Dziubak Piotr', '', '1970-06-10 23:00:00', 1, 0, 1),
(374, 'Dupieux Quentin', '', '1970-06-10 23:00:00', 1, 0, 1),
(375, 'Dumont Bruno', '', '1970-06-10 23:00:00', 1, 0, 1),
(376, 'DeCubellis Brian', '', '1970-06-10 23:00:00', 1, 0, 1),
(377, 'Davis Garth', '', '1970-06-10 23:00:00', 1, 0, 1),
(378, 'Debbouze Jamel', '', '1970-06-10 23:00:00', 1, 0, 1),
(379, 'Dembski Aleksander', '', '1970-06-10 23:00:00', 1, 0, 1),
(380, 'Ducournau Julia', '', '1970-06-10 23:00:00', 1, 0, 1),
(381, 'Devlin Dean', '', '1970-06-10 23:00:00', 1, 0, 1),
(382, 'Dayton Jonathan', '', '1970-06-10 23:00:00', 1, 0, 1),
(383, 'Domalewski Piotr', '', '1970-06-10 23:00:00', 1, 0, 1),
(384, 'Dale Richard', '', '1970-06-10 23:00:00', 1, 0, 1),
(385, 'Desplechin Arnaud', '', '1970-06-10 23:00:00', 1, 0, 1),
(386, 'Demange Yann', '', '1970-06-10 23:00:00', 1, 0, 1),
(387, 'DeKnight Steven', '', '1970-06-10 23:00:00', 1, 0, 1),
(388, 'Dawid Leszek', '', '1970-06-10 23:00:00', 1, 0, 1),
(389, 'Dowdle John', '', '1970-06-10 23:00:00', 1, 0, 1),
(390, 'Daley John', '', '1970-06-10 23:00:00', 1, 0, 1),
(391, 'Daniels Lee', '', '1970-06-10 23:00:00', 1, 0, 1),
(392, 'Dardenne Jean-Pierre', '', '1970-06-10 23:00:00', 1, 0, 1),
(393, 'Dujardin Jean', '', '1970-06-10 23:00:00', 1, 0, 1),
(394, 'Domaradzki Jerzy', '', '1970-06-10 23:00:00', 1, 0, 1),
(395, 'Dunstan Marcus', '', '1970-06-10 23:00:00', 1, 0, 1),
(396, 'Delpy Julie', '', '1970-06-10 23:00:00', 1, 0, 1),
(397, 'Dardenne Luc', '', '1970-06-10 23:00:00', 1, 0, 1),
(398, 'Dylewska Jolanta', '', '1970-06-10 23:00:00', 1, 0, 1),
(399, 'Edwards Gareth', '', '1970-06-10 23:00:00', 1, 0, 1),
(400, 'Essuman Hawa', '', '1970-06-10 23:00:00', 1, 0, 1),
(401, 'Eisner Breck', '', '1970-06-10 23:00:00', 1, 0, 1),
(402, 'Edel Uli', '', '1970-06-10 23:00:00', 1, 0, 1),
(403, 'Elliott Stephan', '', '1970-06-10 23:00:00', 1, 0, 1),
(404, 'Emmerich Roland', '', '1970-06-10 23:00:00', 1, 0, 1),
(405, 'Evlannikova Inna', '', '1970-06-10 23:00:00', 1, 0, 1),
(406, 'Ergüven Deniz', '', '1970-06-10 23:00:00', 1, 0, 1),
(407, 'Eyre Richard', '', '1970-06-10 23:00:00', 1, 0, 1),
(408, 'Ephron Nora', '', '1970-06-10 23:00:00', 1, 0, 1),
(409, 'Edgerton Joel', '', '1970-06-10 23:00:00', 1, 0, 1),
(410, 'Elmer Jonas', '', '1970-06-10 23:00:00', 1, 0, 1),
(411, 'Ellin Doug', '', '1970-06-10 23:00:00', 1, 0, 1),
(412, 'Espinosa Daniel', '', '1970-06-10 23:00:00', 1, 0, 1),
(413, 'English Diane', '', '1970-06-10 23:00:00', 1, 0, 1),
(414, 'Ellis David', '', '1970-06-10 23:00:00', 1, 0, 1),
(415, 'Egoyan Atom', '', '1970-06-10 23:00:00', 1, 0, 1),
(416, 'Eastwood Clint', '', '1970-06-10 23:00:00', 1, 0, 1),
(417, 'Edgerton Nash', '', '1970-06-10 23:00:00', 1, 0, 1),
(418, 'Eggers Robert', '', '1970-06-10 23:00:00', 1, 0, 1),
(419, 'Eubank William', '', '1970-06-10 23:00:00', 1, 0, 1),
(420, 'Emmony Andy', '', '1970-06-10 23:00:00', 1, 0, 1),
(421, 'Eshed Tomer', '', '1970-06-10 23:00:00', 1, 0, 1),
(422, 'el-Toukhy May', '', '1970-06-10 23:00:00', 1, 0, 1),
(423, 'Ettedgui Peter', '', '1970-06-10 23:00:00', 1, 0, 1),
(424, 'Engler Michael', '', '1970-06-10 23:00:00', 1, 0, 1),
(425, 'Espigares Alexandre', '', '1970-06-10 23:00:00', 1, 0, 1),
(426, 'Erwin Andrew', '', '1970-06-10 23:00:00', 1, 0, 1),
(427, 'Erwin Jon', '', '1970-06-10 23:00:00', 1, 0, 1),
(428, 'Filipiak Jacek', '', '1970-06-10 23:00:00', 1, 0, 1),
(429, 'Ficarra Glenn', '', '1970-06-10 23:00:00', 1, 0, 1),
(430, 'Fraser Glenn', '', '1970-06-10 23:00:00', 1, 0, 1),
(431, 'Fredholm Gert', '', '1970-06-10 23:00:00', 1, 0, 1),
(432, 'Fadeev Maksim', '', '1970-06-10 23:00:00', 1, 0, 1),
(433, 'Feijóo Beda', '', '1970-06-10 23:00:00', 1, 0, 1),
(434, 'Finn Will', '', '1970-06-10 23:00:00', 1, 0, 1),
(435, 'Fleischer Ruben', '', '1970-06-10 23:00:00', 1, 0, 1),
(436, 'Fell Sam', '', '1970-06-10 23:00:00', 1, 0, 1),
(437, 'Fabicki Sławomir', '', '1970-06-10 23:00:00', 1, 0, 1),
(438, 'Frears Stephen', '', '1970-06-10 23:00:00', 1, 0, 1),
(439, 'Ford Tom', '', '1970-06-10 23:00:00', 1, 0, 1),
(440, 'Feste Shana', '', '1970-06-10 23:00:00', 1, 0, 1),
(441, 'Frank Scott', '', '1970-06-10 23:00:00', 1, 0, 1),
(442, 'Freudenthal Thor', '', '1970-06-10 23:00:00', 1, 0, 1),
(443, 'Foster Jodie', '', '1970-06-10 23:00:00', 1, 0, 1),
(444, 'Famuyiwa Rick', '', '1970-06-10 23:00:00', 1, 0, 1),
(445, 'Foley James', '', '1970-06-10 23:00:00', 1, 0, 1),
(446, 'Fletcher Mandie', '', '1970-06-10 23:00:00', 1, 0, 1),
(447, 'Foerster Anna', '', '1970-06-10 23:00:00', 1, 0, 1),
(448, 'Flanagan Mike', '', '1970-06-10 23:00:00', 1, 0, 1),
(449, 'Farrelly Peter', '', '1970-06-10 23:00:00', 1, 0, 1),
(450, 'Flinth Peter', '', '1970-06-10 23:00:00', 1, 0, 1),
(451, 'Forsberg Patrik', '', '1970-06-10 23:00:00', 1, 0, 1),
(452, 'Feig Paul', '', '1970-06-10 23:00:00', 1, 0, 1),
(453, 'Faxon Nat', '', '1970-06-10 23:00:00', 1, 0, 1),
(454, 'Fiennes Ralph', '', '1970-06-10 23:00:00', 1, 0, 1),
(455, 'Friedberg Jason', '', '1970-06-10 23:00:00', 1, 0, 1),
(456, 'Finnigan Jennifer', '', '1970-06-10 23:00:00', 1, 0, 1),
(457, 'Flackett Jennifer', '', '1970-06-10 23:00:00', 1, 0, 1),
(458, 'Fibiger Judyta', '', '1970-06-10 23:00:00', 1, 0, 1),
(459, 'Favreau Jon', '', '1970-06-10 23:00:00', 1, 0, 1),
(460, 'Forster Marc', '', '1970-06-10 23:00:00', 1, 0, 1),
(461, 'Ferrara Abel', '', '1970-06-10 23:00:00', 1, 0, 1),
(462, 'Filoni Dave', '', '1970-06-10 23:00:00', 1, 0, 1),
(463, 'Frankel David', '', '1970-06-10 23:00:00', 1, 0, 1),
(464, 'Fincher David', '', '1970-06-10 23:00:00', 1, 0, 1),
(465, 'Fogelman Dan', '', '1970-06-10 23:00:00', 1, 0, 1),
(466, 'Falk Feliks', '', '1970-06-10 23:00:00', 1, 0, 1),
(467, 'Fukanaga Cary', '', '1970-06-10 23:00:00', 1, 0, 1),
(468, 'Folman Ari', '', '1970-06-10 23:00:00', 1, 0, 1),
(469, 'Fuqua Antoine', '', '1970-06-10 23:00:00', 1, 0, 1),
(470, 'Farhadi Asghar', '', '1970-06-10 23:00:00', 1, 0, 1),
(471, 'Fickman Andy', '', '1970-06-10 23:00:00', 1, 0, 1),
(472, 'Fontaine Anne', '', '1970-06-10 23:00:00', 1, 0, 1),
(473, 'Fletcher Anne', '', '1970-06-10 23:00:00', 1, 0, 1),
(474, 'Fh Claudio', '', '1970-06-10 23:00:00', 1, 0, 1),
(475, 'Foy Ciaran', '', '1970-06-10 23:00:00', 1, 0, 1),
(476, 'Furman Brad', '', '1970-06-10 23:00:00', 1, 0, 1),
(477, 'Farrelly Bobby', '', '1970-06-10 23:00:00', 1, 0, 1),
(478, 'Falcone Ben', '', '1970-06-10 23:00:00', 1, 0, 1),
(479, 'Faris Valerie', '', '1970-06-10 23:00:00', 1, 0, 1),
(480, 'Franco James', '', '1970-06-10 23:00:00', 1, 0, 1),
(481, 'Fayyad Firas', '', '1970-06-10 23:00:00', 1, 0, 1),
(482, 'Fisher Bob', '', '1970-06-10 23:00:00', 1, 0, 1),
(483, 'Fleck Ryan', '', '1970-06-10 23:00:00', 1, 0, 1),
(484, 'Fuente Raúl', '', '1970-06-10 23:00:00', 1, 0, 1),
(485, 'Fletcher Dexter', '', '1970-06-10 23:00:00', 1, 0, 1),
(486, 'Fowler Jeff', '', '1970-06-10 23:00:00', 1, 0, 1),
(487, 'Finn Richard', '', '1970-06-10 23:00:00', 1, 0, 1),
(488, 'Fallah Bilall', '', '1970-06-10 23:00:00', 1, 0, 1),
(489, 'Fukunaga Cary', '', '1970-06-10 23:00:00', 1, 0, 1),
(490, 'Fenell Emerald', '', '1970-06-10 23:00:00', 1, 0, 1),
(491, 'Fastvold Mona', '', '1970-06-10 23:00:00', 1, 0, 1),
(492, 'Fogel Susanna', '', '1970-06-10 23:00:00', 1, 0, 1),
(493, 'Gracey Michael', '', '1970-06-10 23:00:00', 1, 0, 1),
(494, 'Grlic Rajko', '', '1970-06-10 23:00:00', 1, 0, 1),
(495, 'Gunn Jon', '', '1970-06-10 23:00:00', 1, 0, 1),
(496, 'Gerwig Greta', '', '1970-06-10 23:00:00', 1, 0, 1),
(497, 'Gallo George', '', '1970-06-10 23:00:00', 1, 0, 1),
(498, 'Genz Henrik', '', '1970-06-10 23:00:00', 1, 0, 1),
(499, 'Gunn James', '', '1970-06-10 23:00:00', 1, 0, 1),
(500, 'Gray James', '', '1970-06-10 23:00:00', 1, 0, 1),
(501, 'Gavron Sarah', '', '1970-06-10 23:00:00', 1, 0, 1),
(502, 'Gomez-Rejon Alfonso', '', '1970-06-10 23:00:00', 1, 0, 1),
(503, 'Gillett Tyler', '', '1970-06-10 23:00:00', 1, 0, 1),
(504, 'Gilroy Tony', '', '1970-06-10 23:00:00', 1, 0, 1),
(505, 'Gens Xavier', '', '1970-06-10 23:00:00', 1, 0, 1),
(506, 'Gluck Will', '', '1970-06-10 23:00:00', 1, 0, 1),
(507, 'Glińska Agnieszka', '', '1970-06-10 23:00:00', 1, 0, 1),
(508, 'Ghai Subhash', '', '1970-06-10 23:00:00', 1, 0, 1),
(509, 'Gervasi Sacha', '', '1970-06-10 23:00:00', 1, 0, 1),
(510, 'Guard Tom', '', '1970-06-10 23:00:00', 1, 0, 1),
(511, 'Genkel Toby', '', '1970-06-10 23:00:00', 1, 0, 1),
(512, 'Gormican Tom', '', '1970-06-10 23:00:00', 1, 0, 1),
(513, 'Gadhvi Sanjay', '', '1970-06-10 23:00:00', 1, 0, 1),
(514, 'George Terry', '', '1970-06-10 23:00:00', 1, 0, 1),
(515, 'Gilliam Terry', '', '1970-06-10 23:00:00', 1, 0, 1),
(516, 'Gordon Seth', '', '1970-06-10 23:00:00', 1, 0, 1),
(517, 'Gansel Dennis', '', '1970-06-10 23:00:00', 1, 0, 1),
(518, 'Green Dave', '', '1970-06-10 23:00:00', 1, 0, 1),
(519, 'Gibson Mel', '', '1970-06-10 23:00:00', 1, 0, 1),
(520, 'Gondry Michel', '', '1970-06-10 23:00:00', 1, 0, 1),
(521, 'Greenaway Peter', '', '1970-06-10 23:00:00', 1, 0, 1),
(522, 'Giwa Max', '', '1970-06-10 23:00:00', 1, 0, 1),
(523, 'Greengrass Paul', '', '1970-06-10 23:00:00', 1, 0, 1),
(524, 'Garrone Matteo', '', '1970-06-10 23:00:00', 1, 0, 1),
(525, 'Gliński Robert', '', '1970-06-10 23:00:00', 1, 0, 1),
(526, 'Godeau Philippe', '', '1970-06-10 23:00:00', 1, 0, 1),
(527, 'Greno Nathan', '', '1970-06-10 23:00:00', 1, 0, 1),
(528, 'Gosnell Raja', '', '1970-06-10 23:00:00', 1, 0, 1),
(529, 'Garcia Raul', '', '1970-06-10 23:00:00', 1, 0, 1),
(530, 'Grierson Alister', '', '1970-06-10 23:00:00', 1, 0, 1),
(531, 'Grunberg Adrian', '', '1970-06-10 23:00:00', 1, 0, 1),
(532, 'Guziński Adam', '', '1970-06-10 23:00:00', 1, 0, 1),
(533, 'Garland Alex', '', '1970-06-10 23:00:00', 1, 0, 1),
(534, 'Goldsman Akiva', '', '1970-06-10 23:00:00', 1, 0, 1),
(535, 'Gorak Chris', '', '1970-06-10 23:00:00', 1, 0, 1),
(536, 'Guard Charles', '', '1970-06-10 23:00:00', 1, 0, 1),
(537, 'Goh Aun', '', '1970-06-10 23:00:00', 1, 0, 1),
(538, 'Gregg Clark', '', '1970-06-10 23:00:00', 1, 0, 1),
(539, 'Gillespie Craig', '', '1970-06-10 23:00:00', 1, 0, 1),
(540, 'Gannaway Bobs', '', '1970-06-10 23:00:00', 1, 0, 1),
(541, 'Gluck Ben', '', '1970-06-10 23:00:00', 1, 0, 1),
(542, 'Gaghan Stephen', '', '1970-06-10 23:00:00', 1, 0, 1),
(543, 'Gurpide Julio', '', '1970-06-10 23:00:00', 1, 0, 1),
(544, 'Gnoiński Leszek', '', '1970-06-10 23:00:00', 1, 0, 1),
(545, 'Gamlem Lisa', '', '1970-06-10 23:00:00', 1, 0, 1),
(546, 'Gulager John', '', '1970-06-10 23:00:00', 1, 0, 1),
(547, 'Greutert Kevin', '', '1970-06-10 23:00:00', 1, 0, 1),
(548, 'Garelick Jeremy', '', '1970-06-10 23:00:00', 1, 0, 1),
(549, 'Gawryś Mariusz', '', '1970-06-10 23:00:00', 1, 0, 1),
(550, 'Greenfield Luke', '', '1970-06-10 23:00:00', 1, 0, 1),
(551, 'Guadagnino Luca', '', '1970-06-10 23:00:00', 1, 0, 1),
(552, 'Głowacki Marcin', '', '1970-06-10 23:00:00', 1, 0, 1),
(553, 'Gordon Josh', '', '1970-06-10 23:00:00', 1, 0, 1),
(554, 'Gordon-Levitt Joseph', '', '1970-06-10 23:00:00', 1, 0, 1),
(555, 'Goldstein Jonathan', '', '1970-06-10 23:00:00', 1, 0, 1),
(556, 'Gato Enrique', '', '1970-06-10 23:00:00', 1, 0, 1),
(557, 'Grant Darren', '', '1970-06-10 23:00:00', 1, 0, 1),
(558, 'Gajewski Dariusz', '', '1970-06-10 23:00:00', 1, 0, 1),
(559, 'Green David', '', '1970-06-10 23:00:00', 1, 0, 1),
(560, 'Gilroy Dan', '', '1970-06-10 23:00:00', 1, 0, 1),
(561, 'Goddard Drew', '', '1970-06-10 23:00:00', 1, 0, 1),
(562, 'Gass-Donnelly Ed', '', '1970-06-10 23:00:00', 1, 0, 1),
(563, 'Granik Debra', '', '1970-06-10 23:00:00', 1, 0, 1),
(564, 'Goldberg Evan', '', '1970-06-10 23:00:00', 1, 0, 1),
(565, 'Goyer David', '', '1970-06-10 23:00:00', 1, 0, 1),
(566, 'Guzman Phillip', '', '1970-06-10 23:00:00', 1, 0, 1),
(567, 'Govare Maxime', '', '1970-06-10 23:00:00', 1, 0, 1),
(568, 'Greenberg Rob', '', '1970-06-10 23:00:00', 1, 0, 1),
(569, 'Gilio Graciela', '', '1970-06-10 23:00:00', 1, 0, 1),
(570, 'Gastambide Franck', '', '1970-06-10 23:00:00', 1, 0, 1),
(571, 'Grzegorzek Łukasz', '', '1970-06-10 23:00:00', 1, 0, 1),
(572, 'Groeningen Felix', '', '1970-06-10 23:00:00', 1, 0, 1),
(573, 'Grossman Roberta', '', '1970-06-10 23:00:00', 1, 0, 1),
(574, 'Gage Jenny', '', '1970-06-10 23:00:00', 1, 0, 1),
(575, 'Giovannesi Claudio', '', '1970-06-10 23:00:00', 1, 0, 1),
(576, 'Goold Rupert', '', '1970-06-10 23:00:00', 1, 0, 1),
(577, 'Ganatra Nisha', '', '1970-06-10 23:00:00', 1, 0, 1),
(578, 'Grieve Hamish', '', '1970-06-10 23:00:00', 1, 0, 1),
(579, 'Glass Rose', '', '1970-06-10 23:00:00', 1, 0, 1),
(580, 'Grozeva Kristina', '', '1970-06-10 23:00:00', 1, 0, 1),
(581, 'Hughes Allen', '', '1970-06-10 23:00:00', 1, 0, 1),
(582, 'Heckerling Amy', '', '1970-06-10 23:00:00', 1, 0, 1),
(583, 'Holland Agnieszka', '', '1970-06-10 23:00:00', 1, 0, 1),
(584, 'Hazeldine Stuart', '', '1970-06-10 23:00:00', 1, 0, 1),
(585, 'Hackl David', '', '1970-06-10 23:00:00', 1, 0, 1),
(586, 'Hall Don', '', '1970-06-10 23:00:00', 1, 0, 1),
(587, 'Hoffman Dustin', '', '1970-06-10 23:00:00', 1, 0, 1),
(588, 'Herngren Felix', '', '1970-06-10 23:00:00', 1, 0, 1),
(589, 'Hardwicke Catherine', '', '1970-06-10 23:00:00', 1, 0, 1),
(590, 'Howard Byron', '', '1970-06-10 23:00:00', 1, 0, 1),
(591, 'Hanson Curtis', '', '1970-06-10 23:00:00', 1, 0, 1),
(592, 'Helten Conrad', '', '1970-06-10 23:00:00', 1, 0, 1),
(593, 'Helgeland Brian', '', '1970-06-10 23:00:00', 1, 0, 1),
(594, 'Hardy Corin', '', '1970-06-10 23:00:00', 1, 0, 1),
(595, 'Henson Brian', '', '1970-06-10 23:00:00', 1, 0, 1),
(596, 'Holderman Bill', '', '1970-06-10 23:00:00', 1, 0, 1),
(597, 'Halim Yusry', '', '1970-06-10 23:00:00', 1, 0, 1),
(598, 'Hutchings Peter', '', '1970-06-10 23:00:00', 1, 0, 1),
(599, 'Haas Christian', '', '1970-06-10 23:00:00', 1, 0, 1),
(600, 'Hyett Paul', '', '1970-06-10 23:00:00', 1, 0, 1),
(601, 'Herry Jeanne', '', '1970-06-10 23:00:00', 1, 0, 1),
(602, 'Holmes Alex', '', '1970-06-10 23:00:00', 1, 0, 1),
(603, 'Hill Jonah', '', '1970-06-10 23:00:00', 1, 0, 1),
(604, 'Holoubek Jan', '', '1970-06-10 23:00:00', 1, 0, 1),
(605, 'Hakonarson Grimur', '', '1970-06-10 23:00:00', 1, 0, 1),
(606, 'Hall Edward', '', '1970-06-10 23:00:00', 1, 0, 1),
(607, 'Haynes Todd', '', '1970-06-10 23:00:00', 1, 0, 1),
(608, 'Helm Zach', '', '1970-06-10 23:00:00', 1, 0, 1),
(609, 'Hood Gavin', '', '1970-06-10 23:00:00', 1, 0, 1),
(610, 'Heslov Grant', '', '1970-06-10 23:00:00', 1, 0, 1),
(611, 'Helander Jalmari', '', '1970-06-10 23:00:00', 1, 0, 1),
(612, 'Hoblit Gregory', '', '1970-06-10 23:00:00', 1, 0, 1),
(613, 'Houtman Ineke', '', '1970-06-10 23:00:00', 1, 0, 1),
(614, 'Hess Jared', '', '1970-06-10 23:00:00', 1, 0, 1),
(615, 'Hryniak Jan', '', '1970-06-10 23:00:00', 1, 0, 1),
(617, 'Hrebejk Jan', '', '1970-06-10 23:00:00', 1, 0, 1),
(618, 'Hickner Steve', '', '1970-06-10 23:00:00', 1, 0, 1),
(619, 'Howard Ron', '', '1970-06-10 23:00:00', 1, 0, 1),
(620, 'Horman Sherry', '', '1970-06-10 23:00:00', 1, 0, 1),
(621, 'Holland Todd', '', '1970-06-10 23:00:00', 1, 0, 1),
(622, 'Harper Tom', '', '1970-06-10 23:00:00', 1, 0, 1),
(623, 'Hanks Tom', '', '1970-06-10 23:00:00', 1, 0, 1),
(624, 'Hooper Tom', '', '1970-06-10 23:00:00', 1, 0, 1),
(625, 'Hicks Scott', '', '1970-06-10 23:00:00', 1, 0, 1),
(626, 'Hill Tim', '', '1970-06-10 23:00:00', 1, 0, 1),
(627, 'Holmes Peggy', '', '1970-06-10 23:00:00', 1, 0, 1),
(628, 'Hazanavicius Michel', '', '1970-06-10 23:00:00', 1, 0, 1),
(629, 'Hedges Peter', '', '1970-06-10 23:00:00', 1, 0, 1),
(630, 'Hughes Patrick', '', '1970-06-10 23:00:00', 1, 0, 1),
(631, 'Heijningen Matthijs', '', '1970-06-10 23:00:00', 1, 0, 1),
(632, 'Haggis Paul', '', '1970-06-10 23:00:00', 1, 0, 1),
(633, 'Hegner Michael', '', '1970-06-10 23:00:00', 1, 0, 1),
(634, 'Haneke Michael', '', '1970-06-10 23:00:00', 1, 0, 1),
(635, 'Hoffman Michael', '', '1970-06-10 23:00:00', 1, 0, 1),
(636, 'Herbig Michael', '', '1970-06-10 23:00:00', 1, 0, 1),
(637, 'Hirschbiegel Oliver', '', '1970-06-10 23:00:00', 1, 0, 1),
(638, 'Harlin Renny', '', '1970-06-10 23:00:00', 1, 0, 1),
(639, 'Hytner Nicholas', '', '1970-06-10 23:00:00', 1, 0, 1),
(640, 'Holofcener Nicole', '', '1970-06-10 23:00:00', 1, 0, 1),
(641, 'Heboyan Alexandre', '', '1970-06-10 23:00:00', 1, 0, 1),
(642, 'Heymann Tomer', '', '1970-06-10 23:00:00', 1, 0, 1),
(643, 'Hayes Chad', '', '1970-06-10 23:00:00', 1, 0, 1),
(644, 'Heller Marielle', '', '1970-06-10 23:00:00', 1, 0, 1),
(645, 'Hayes Carey', '', '1970-06-10 23:00:00', 1, 0, 1),
(646, 'Herzog Werner', '', '1970-06-10 23:00:00', 1, 0, 1),
(647, 'Haoqiang Qiu', '', '1970-06-10 23:00:00', 1, 0, 1),
(648, 'Hopkins Jonathan', '', '1970-06-10 23:00:00', 1, 0, 1),
(649, 'Hughes Albert', '', '1970-06-10 23:00:00', 1, 0, 1),
(650, 'Hopkins Joel', '', '1970-06-10 23:00:00', 1, 0, 1),
(651, 'Hayward Jimmy', '', '1970-06-10 23:00:00', 1, 0, 1),
(652, 'Harold Joby', '', '1970-06-10 23:00:00', 1, 0, 1),
(653, 'Hancock John', '', '1970-06-10 23:00:00', 1, 0, 1),
(654, 'Hamburg John', '', '1970-06-10 23:00:00', 1, 0, 1),
(655, 'Harrison John', '', '1970-06-10 23:00:00', 1, 0, 1),
(656, 'Hillcoat John', '', '1970-06-10 23:00:00', 1, 0, 1),
(657, 'Headland Leslye', '', '1970-06-10 23:00:00', 1, 0, 1),
(658, 'Hoffman Jerzy', '', '1970-06-10 23:00:00', 1, 0, 1),
(659, 'Hall Klay', '', '1970-06-10 23:00:00', 1, 0, 1),
(660, 'Harron Mary', '', '1970-06-10 23:00:00', 1, 0, 1),
(661, 'Hurwitz Jon', '', '1970-06-10 23:00:00', 1, 0, 1),
(662, 'Harris Jon', '', '1970-06-10 23:00:00', 1, 0, 1),
(663, 'Ignaciuk Bartłomiej', '', '1970-06-10 23:00:00', 1, 0, 1),
(664, 'Ibanez Gabe', '', '1970-06-10 23:00:00', 1, 0, 1),
(665, 'Isfansyah Ifa', '', '1970-06-10 23:00:00', 1, 0, 1),
(666, 'Ivernel Guillaume', '', '1970-06-10 23:00:00', 1, 0, 1),
(667, 'Im Sang-soo', '', '1970-06-10 23:00:00', 1, 0, 1),
(668, 'Irritu Alejandro', '', '1970-06-10 23:00:00', 1, 0, 1),
(669, 'Izquierdo Angel', '', '1970-06-10 23:00:00', 1, 0, 1),
(670, 'Israelite Dean', '', '1970-06-10 23:00:00', 1, 0, 1),
(671, 'Ipson Jason', '', '1970-06-10 23:00:00', 1, 0, 1),
(672, 'Iliadis Dennis', '', '1970-06-10 23:00:00', 1, 0, 1),
(673, 'Johnston Phil', '', '1970-06-10 23:00:00', 1, 0, 1),
(674, 'Jacobs Gregory', '', '1970-06-10 23:00:00', 1, 0, 1),
(675, 'Jankowski Grzegorz', '', '1970-06-10 23:00:00', 1, 0, 1),
(676, 'Joost Henry', '', '1970-06-10 23:00:00', 1, 0, 1),
(677, 'Jolie Angelina', '', '1970-06-10 23:00:00', 1, 0, 1),
(678, 'Jónasson Óskar', '', '1970-06-10 23:00:00', 1, 0, 1),
(679, 'Johnson Duke', '', '1970-06-10 23:00:00', 1, 0, 1),
(680, 'Joyce William', '', '1970-06-10 23:00:00', 1, 0, 1),
(681, 'Jackson Mick', '', '1970-06-10 23:00:00', 1, 0, 1),
(682, 'Joffe Rowan', '', '1970-06-10 23:00:00', 1, 0, 1),
(683, 'Jenkins Tamara', '', '1970-06-10 23:00:00', 1, 0, 1),
(684, 'Jakubowski Szymon', '', '1970-06-10 23:00:00', 1, 0, 1),
(685, 'Jacobs Steve', '', '1970-06-10 23:00:00', 1, 0, 1),
(686, 'Jonze Spike', '', '1970-06-10 23:00:00', 1, 0, 1),
(687, 'Jesse Sandor', '', '1970-06-10 23:00:00', 1, 0, 1),
(688, 'Jones Terry', '', '1970-06-10 23:00:00', 1, 0, 1),
(689, 'Johnson Tim', '', '1970-06-10 23:00:00', 1, 0, 1),
(690, 'Jakubowicz Jonathan', '', '1970-06-10 23:00:00', 1, 0, 1),
(691, 'Jakubik Arkadiusz', '', '1970-06-10 23:00:00', 1, 0, 1),
(692, 'Jenkins Patty', '', '1970-06-10 23:00:00', 1, 0, 1),
(693, 'Jennings Garth', '', '1970-06-10 23:00:00', 1, 0, 1),
(694, 'Jongerius Nick', '', '1970-06-10 23:00:00', 1, 0, 1),
(695, 'Jackson Peter', '', '1970-06-10 23:00:00', 1, 0, 1),
(696, 'Johnson Rian', '', '1970-06-10 23:00:00', 1, 0, 1),
(697, 'Jordan Neil', '', '1970-06-10 23:00:00', 1, 0, 1),
(698, 'Jakimowski Andrzej', '', '1970-06-10 23:00:00', 1, 0, 1),
(699, 'Justice Anna', '', '1970-06-10 23:00:00', 1, 0, 1),
(700, 'Jadowska Anna', '', '1970-06-10 23:00:00', 1, 0, 1),
(701, 'Jankel Annabel', '', '1970-06-10 23:00:00', 1, 0, 1),
(702, 'James Caradog', '', '1970-06-10 23:00:00', 1, 0, 1),
(703, 'Johnston Joe', '', '1970-06-10 23:00:00', 1, 0, 1),
(704, 'Joosen Leon', '', '1970-06-10 23:00:00', 1, 0, 1),
(705, 'Jenkins Barry', '', '1970-06-10 23:00:00', 1, 0, 1),
(706, 'Jeffcoat John', '', '1970-06-10 23:00:00', 1, 0, 1),
(707, 'Jeunet Jean-Pierre', '', '1970-06-10 23:00:00', 1, 0, 1),
(708, 'Jungowska Katarzyna', '', '1970-06-10 23:00:00', 1, 0, 1),
(709, 'Jarmusch Jim', '', '1970-06-10 23:00:00', 1, 0, 1),
(710, 'Jones Kirk', '', '1970-06-10 23:00:00', 1, 0, 1),
(711, 'Jarrold Julian', '', '1970-06-10 23:00:00', 1, 0, 1),
(712, 'Juusonen Kari', '', '1970-06-10 23:00:00', 1, 0, 1),
(713, 'Johar Karan', '', '1970-06-10 23:00:00', 1, 0, 1),
(714, 'Jacquet Luc', '', '1970-06-10 23:00:00', 1, 0, 1),
(715, 'Jones Duncan', '', '1970-06-10 23:00:00', 1, 0, 1),
(716, 'Jones Alethea', '', '1970-06-10 23:00:00', 1, 0, 1),
(717, 'Jenkins Christopher', '', '1970-06-10 23:00:00', 1, 0, 1),
(718, 'Jordan-Młodzianowska Monika', '', '1970-06-10 23:00:00', 1, 0, 1),
(719, 'Johnson Kevin', '', '1970-06-10 23:00:00', 1, 0, 1),
(720, 'JOY LISA', '', '1970-06-10 23:00:00', 1, 0, 1),
(721, 'Jones Zoe', '', '1970-06-10 23:00:00', 1, 0, 1),
(722, 'Keane Glen', '', '1970-06-10 23:00:00', 1, 0, 1),
(723, 'Kasdan Jake', '', '1970-06-10 23:00:00', 1, 0, 1),
(724, 'Kenan Gil', '', '1970-06-10 23:00:00', 1, 0, 1),
(725, 'Kamiński Janusz', '', '1970-06-10 23:00:00', 1, 0, 1),
(726, 'Komasa Jan', '', '1970-06-10 23:00:00', 1, 0, 1),
(727, 'Korine Harmony', '', '1970-06-10 23:00:00', 1, 0, 1),
(728, 'Kondratiuk Janusz', '', '1970-06-10 23:00:00', 1, 0, 1),
(729, 'Kidawa-Błoński Jan', '', '1970-06-10 23:00:00', 1, 0, 1),
(730, 'Kuczeriszka Grzegorz', '', '1970-06-10 23:00:00', 1, 0, 1),
(731, 'Kolski Jan', '', '1970-06-10 23:00:00', 1, 0, 1),
(732, 'Karlsson Gunnar', '', '1970-06-10 23:00:00', 1, 0, 1),
(733, 'Krzyszkowski Mirosław', '', '1970-06-10 23:00:00', 1, 0, 1),
(734, 'Krzystek Waldemar', '', '1970-06-10 23:00:00', 1, 0, 1),
(735, 'Koszałka Marcin', '', '1970-06-10 23:00:00', 1, 0, 1),
(736, 'Kurzel Justin', '', '1970-06-10 23:00:00', 1, 0, 1),
(737, 'Karowowski Łukasz', '', '1970-06-10 23:00:00', 1, 0, 1),
(738, 'Karwowski Łukasz', '', '1970-06-10 23:00:00', 1, 0, 1),
(739, 'Konecki Tomasz', '', '1970-06-10 23:00:00', 1, 0, 1),
(740, 'kobi kobi', '', '1970-06-10 23:00:00', 1, 0, 1),
(741, 'Królestwa Trzy', '', '1970-06-10 23:00:00', 1, 0, 1),
(742, 'Kaufman Charlie', '', '1970-06-10 23:00:00', 1, 0, 1),
(743, 'Kaytis Clay', '', '1970-06-10 23:00:00', 1, 0, 1),
(744, 'Kudła Zdzisław', '', '1970-06-10 23:00:00', 1, 0, 1),
(745, 'Kwieciński Michał', '', '1970-06-10 23:00:00', 1, 0, 1),
(746, 'Kitamura Ryuhei', '', '1970-06-10 23:00:00', 1, 0, 1),
(747, 'Kryński Sławomir', '', '1970-06-10 23:00:00', 1, 0, 1),
(748, 'Król Tadeusz', '', '1970-06-10 23:00:00', 1, 0, 1),
(749, 'Kumble Roger', '', '1970-06-10 23:00:00', 1, 0, 1),
(750, 'Kapur Shekhar', '', '1970-06-10 23:00:00', 1, 0, 1),
(751, 'Khramtsov Aleksander', '', '1970-06-10 23:00:00', 1, 0, 1),
(752, 'Kasperski Wojciech', '', '1970-06-10 23:00:00', 1, 0, 1),
(753, 'Knight Travis', '', '1970-06-10 23:00:00', 1, 0, 1),
(754, 'Kowalski Bartosz', '', '1970-06-10 23:00:00', 1, 0, 1),
(755, 'Kim Min-suk', '', '1970-06-10 23:00:00', 1, 0, 1),
(756, 'King Michael', '', '1970-06-10 23:00:00', 1, 0, 1),
(757, 'King Paul', '', '1970-06-10 23:00:00', 1, 0, 1),
(758, 'Kelly Richard', '', '1970-06-10 23:00:00', 1, 0, 1),
(759, 'Klooss Reinhard', '', '1970-06-10 23:00:00', 1, 0, 1),
(760, 'Kloos Reinhard', '', '1970-06-10 23:00:00', 1, 0, 1),
(761, 'Koryncka-Gruz Natalia', '', '1970-06-10 23:00:00', 1, 0, 1),
(762, 'Kassell Nicole', '', '1970-06-10 23:00:00', 1, 0, 1),
(763, 'Kos-Krauze Joanna', '', '1970-06-10 23:00:00', 1, 0, 1),
(764, 'Kohli Kunal', '', '1970-06-10 23:00:00', 1, 0, 1),
(765, 'Koltai Lajos', '', '1970-06-10 23:00:00', 1, 0, 1),
(766, 'Kazen Lidka', '', '1970-06-10 23:00:00', 1, 0, 1),
(767, 'Kafka John', '', '1970-06-10 23:00:00', 1, 0, 1),
(768, 'Krieger Lee', '', '1970-06-10 23:00:00', 1, 0, 1),
(769, 'Kim Jee-woon', '', '1970-06-10 23:00:00', 1, 0, 1),
(770, 'Kwapis Ken', '', '1970-06-10 23:00:00', 1, 0, 1),
(771, 'Krauze Krzysztof', '', '1970-06-10 23:00:00', 1, 0, 1),
(772, 'Kent Jennifer', '', '1970-06-10 23:00:00', 1, 0, 1),
(773, 'Krzyształowicz Marcin', '', '1970-06-10 23:00:00', 1, 0, 1),
(774, 'Koterski Marek', '', '1970-06-10 23:00:00', 1, 0, 1),
(775, 'Kusama Karyn', '', '1970-06-10 23:00:00', 1, 0, 1),
(776, 'Kassovitz Mathieu', '', '1970-06-10 23:00:00', 1, 0, 1),
(777, 'Kosinski Joseph', '', '1970-06-10 23:00:00', 1, 0, 1),
(778, 'King Jonathan', '', '1970-06-10 23:00:00', 1, 0, 1),
(779, 'Kokkinos Ana', '', '1970-06-10 23:00:00', 1, 0, 1),
(780, 'Kechiche Abdellatif', '', '1970-06-10 23:00:00', 1, 0, 1),
(781, 'Kotkowski Andrzej', '', '1970-06-10 23:00:00', 1, 0, 1),
(782, 'Krawczuk Andriej', '', '1970-06-10 23:00:00', 1, 0, 1),
(783, 'Kolirin Eran', '', '1970-06-10 23:00:00', 1, 0, 1),
(784, 'Kopocińska-Bednarek Elżbieta', '', '1970-06-10 23:00:00', 1, 0, 1),
(785, 'Kusturica Emir', '', '1970-06-10 23:00:00', 1, 0, 1),
(786, 'Koepp David', '', '1970-06-10 23:00:00', 1, 0, 1),
(787, 'Kędzierzawska Dorota', '', '1970-06-10 23:00:00', 1, 0, 1),
(788, 'Korin Eugeniusz', '', '1970-06-10 23:00:00', 1, 0, 1),
(789, 'Krauze Antoni', '', '1970-06-10 23:00:00', 1, 0, 1),
(790, 'Kazejak Anna', '', '1970-06-10 23:00:00', 1, 0, 1),
(791, 'Kox Bodo', '', '1970-06-10 23:00:00', 1, 0, 1),
(792, 'Konopka Bartosz', '', '1970-06-10 23:00:00', 1, 0, 1),
(793, 'Kędzierski Bartosz', '', '1970-06-10 23:00:00', 1, 0, 1),
(794, 'Kurtzman Alex', '', '1970-06-10 23:00:00', 1, 0, 1),
(795, 'Kherici Reem', '', '1970-06-10 23:00:00', 1, 0, 1),
(796, 'Karwowska Marta', '', '1970-06-10 23:00:00', 1, 0, 1),
(797, 'Kubrick Stanley', '', '1970-06-10 23:00:00', 1, 0, 1),
(798, 'Kasdan Lawrence', '', '1970-06-10 23:00:00', 1, 0, 1),
(799, 'Kondrat Michał', '', '1970-06-10 23:00:00', 1, 0, 1),
(800, 'Kobiela Dorota', '', '1970-06-10 23:00:00', 1, 0, 1),
(801, 'Kiilerich Karsten', '', '1970-06-10 23:00:00', 1, 0, 1),
(802, 'Kort Alek', '', '1970-06-10 23:00:00', 1, 0, 1),
(803, 'Krasinski John', '', '1970-06-10 23:00:00', 1, 0, 1),
(804, 'Kinberg Simon', '', '1970-06-10 23:00:00', 1, 0, 1),
(805, 'Kohn Abby', '', '1970-06-10 23:00:00', 1, 0, 1),
(806, 'Kawulski Maciej', '', '1970-06-10 23:00:00', 1, 0, 1),
(807, 'Kolsch Kevin', '', '1970-06-10 23:00:00', 1, 0, 1),
(808, 'Konzelman Chuck', '', '1970-06-10 23:00:00', 1, 0, 1),
(809, 'Koreeda Hirokazu', '', '1970-06-10 23:00:00', 1, 0, 1),
(810, 'Kermel Tanguy', '', '1970-06-10 23:00:00', 1, 0, 1),
(811, 'Karukoski Dome', '', '1970-06-10 23:00:00', 1, 0, 1),
(812, 'Klein Thorsten', '', '1970-06-10 23:00:00', 1, 0, 1),
(813, 'Krinsky Natalie', '', '1970-06-10 23:00:00', 1, 0, 1),
(814, 'Klevberg Lars', '', '1970-06-10 23:00:00', 1, 0, 1),
(815, 'Klimkiewicz Katarzyna', '', '1970-06-10 23:00:00', 1, 0, 1),
(816, 'Kerr David', '', '1970-06-10 23:00:00', 1, 0, 1),
(817, 'Krings Antoon', '', '1970-06-10 23:00:00', 1, 0, 1),
(818, 'Kirkpatrick Karey', '', '1970-06-10 23:00:00', 1, 0, 1),
(819, 'Kapadia Asif', '', '1970-06-10 23:00:00', 1, 0, 1),
(820, 'Lanthimos Yorgos', '', '1970-06-10 23:00:00', 1, 0, 1),
(821, 'Lusiński Jacek', '', '1970-06-10 23:00:00', 1, 0, 1),
(822, 'Lespert Jalil', '', '1970-06-10 23:00:00', 1, 0, 1),
(823, 'Levasseur Grgory', '', '1970-06-10 23:00:00', 1, 0, 1),
(824, 'Lucas George', '', '1970-06-10 23:00:00', 1, 0, 1),
(825, 'Lellouche Gilles', '', '1970-06-10 23:00:00', 1, 0, 1),
(826, 'Lau Wai', '', '1970-06-10 23:00:00', 1, 0, 1),
(827, 'Leśniak Tomek', '', '1970-06-10 23:00:00', 1, 0, 1),
(828, 'Lewkowicz Tomasz', '', '1970-06-10 23:00:00', 1, 0, 1),
(829, 'Lanthimos Giorgos', '', '1970-06-10 23:00:00', 1, 0, 1),
(830, 'Landesman Peter', '', '1970-06-10 23:00:00', 1, 0, 1),
(831, 'Lacheau Philippe', '', '1970-06-10 23:00:00', 1, 0, 1),
(832, 'Lau William', '', '1970-06-10 23:00:00', 1, 0, 1),
(833, 'Lonergan Kenneth', '', '1970-06-10 23:00:00', 1, 0, 1),
(834, 'Langlo Rune', '', '1970-06-10 23:00:00', 1, 0, 1),
(835, 'Luketic Robert', '', '1970-06-10 23:00:00', 1, 0, 1),
(836, 'Loter Steve', '', '1970-06-10 23:00:00', 1, 0, 1),
(837, 'Lumet Sidney', '', '1970-06-10 23:00:00', 1, 0, 1),
(838, 'Levy Shawn', '', '1970-06-10 23:00:00', 1, 0, 1),
(839, 'Lellouche Sophie', '', '1970-06-10 23:00:00', 1, 0, 1),
(840, 'Lorain Sophie', '', '1970-06-10 23:00:00', 1, 0, 1),
(841, 'Lee Spike', '', '1970-06-10 23:00:00', 1, 0, 1),
(842, 'Langmann Thomas', '', '1970-06-10 23:00:00', 1, 0, 1),
(843, 'Liu Sam', '', '1970-06-10 23:00:00', 1, 0, 1),
(844, 'Lowery David', '', '1970-06-10 23:00:00', 1, 0, 1),
(845, 'Lucas Jon', '', '1970-06-10 23:00:00', 1, 0, 1),
(846, 'Lewińska Kinga', '', '1970-06-10 23:00:00', 1, 0, 1),
(847, 'LaLonde Jeremy', '', '1970-06-10 23:00:00', 1, 0, 1),
(848, 'Lakisov Viktor', '', '1970-06-10 23:00:00', 1, 0, 1),
(849, 'Leigh Mike', '', '1970-06-10 23:00:00', 1, 0, 1),
(850, 'Lord Peter', '', '1970-06-10 23:00:00', 1, 0, 1),
(851, 'Lepeniotis Peter', '', '1970-06-10 23:00:00', 1, 0, 1),
(852, 'Labaki Nadine', '', '1970-06-10 23:00:00', 1, 0, 1),
(853, 'Lussier Patrick', '', '1970-06-10 23:00:00', 1, 0, 1),
(854, 'Leconte Patrice', '', '1970-06-10 23:00:00', 1, 0, 1),
(855, 'Linklater Richard', '', '1970-06-10 23:00:00', 1, 0, 1),
(856, 'LaGravenese Richard', '', '1970-06-10 23:00:00', 1, 0, 1),
(857, 'Lubaszenko Olaf', '', '1970-06-10 23:00:00', 1, 0, 1),
(858, 'Lorenz Robert', '', '1970-06-10 23:00:00', 1, 0, 1),
(859, 'Letterman Rob', '', '1970-06-10 23:00:00', 1, 0, 1),
(860, 'Lecomte Ounie', '', '1970-06-10 23:00:00', 1, 0, 1),
(861, 'Lloyd Phyllida', '', '1970-06-10 23:00:00', 1, 0, 1),
(862, 'Lord Phil', '', '1970-06-10 23:00:00', 1, 0, 1),
(863, 'Lewandowski Rafael', '', '1970-06-10 23:00:00', 1, 0, 1),
(864, 'Lewis Brad', '', '1970-06-10 23:00:00', 1, 0, 1),
(865, 'Lofing Chris', '', '1970-06-10 23:00:00', 1, 0, 1),
(866, 'Leth Asger', '', '1970-06-10 23:00:00', 1, 0, 1),
(867, 'Levant Brian', '', '1970-06-10 23:00:00', 1, 0, 1),
(868, 'Lee Ang', '', '1970-06-10 23:00:00', 1, 0, 1),
(869, 'Lee Benson', '', '1970-06-10 23:00:00', 1, 0, 1),
(870, 'Lankosz Borys', '', '1970-06-10 23:00:00', 1, 0, 1),
(871, 'Linda Bogusław', '', '1970-06-10 23:00:00', 1, 0, 1),
(872, 'Levinson Barry', '', '1970-06-10 23:00:00', 1, 0, 1),
(873, 'Lewin Ben', '', '1970-06-10 23:00:00', 1, 0, 1),
(874, 'Luhrmann Baz', '', '1970-06-10 23:00:00', 1, 0, 1),
(875, 'Lo Christian', '', '1970-06-10 23:00:00', 1, 0, 1),
(876, 'Landon Christopher', '', '1970-06-10 23:00:00', 1, 0, 1),
(877, 'Ludwig Witold', '', '1970-06-10 23:00:00', 1, 0, 1),
(878, 'Lee Kyung', '', '1970-06-10 23:00:00', 1, 0, 1),
(879, 'Leonetti John', '', '1970-06-10 23:00:00', 1, 0, 1),
(880, 'Lasseter John', '', '1970-06-10 23:00:00', 1, 0, 1),
(881, 'Lima Kevin', '', '1970-06-10 23:00:00', 1, 0, 1),
(882, 'Lowell Jeff', '', '1970-06-10 23:00:00', 1, 0, 1),
(883, 'Loach Ken', '', '1970-06-10 23:00:00', 1, 0, 1),
(884, 'Lang Krzysztof', '', '1970-06-10 23:00:00', 1, 0, 1),
(885, 'Lee Jennifer', '', '1970-06-10 23:00:00', 1, 0, 1),
(886, 'Lyubakova Marina', '', '1970-06-10 23:00:00', 1, 0, 1),
(887, 'Lindberg Maria', '', '1970-06-10 23:00:00', 1, 0, 1),
(888, 'Lawson Josh', '', '1970-06-10 23:00:00', 1, 0, 1),
(889, 'Lloyd Karen', '', '1970-06-10 23:00:00', 1, 0, 1),
(890, 'Lin Justin', '', '1970-06-10 23:00:00', 1, 0, 1),
(891, 'Leterrier Louis', '', '1970-06-10 23:00:00', 1, 0, 1),
(892, 'Lawrence Marc', '', '1970-06-10 23:00:00', 1, 0, 1),
(893, 'Lee Malcolm', '', '1970-06-10 23:00:00', 1, 0, 1),
(894, 'Levine Jonathan', '', '1970-06-10 23:00:00', 1, 0, 1),
(895, 'Liebesman Jonathan', '', '1970-06-10 23:00:00', 1, 0, 1),
(896, 'Looy Erik', '', '1970-06-10 23:00:00', 1, 0, 1),
(897, 'Lartigau Eric', '', '1970-06-10 23:00:00', 1, 0, 1),
(898, 'Liman Doug', '', '1970-06-10 23:00:00', 1, 0, 1),
(899, 'Levy Dani', '', '1970-06-10 23:00:00', 1, 0, 1),
(900, 'Lawrence Francis', '', '1970-06-10 23:00:00', 1, 0, 1),
(901, 'Leitch David', '', '1970-06-10 23:00:00', 1, 0, 1),
(902, 'Lynch David', '', '1970-06-10 23:00:00', 1, 0, 1),
(903, 'Leondis Anthony', '', '1970-06-10 23:00:00', 1, 0, 1),
(904, 'Loncraine Richard', '', '1970-06-10 23:00:00', 1, 0, 1),
(905, 'Lauenstein Wolfgang', '', '1970-06-10 23:00:00', 1, 0, 1),
(906, 'Lauenstein Christoph', '', '1970-06-10 23:00:00', 1, 0, 1),
(907, 'Laugier Pascal', '', '1970-06-10 23:00:00', 1, 0, 1),
(908, 'Levinson Sam', '', '1970-06-10 23:00:00', 1, 0, 1),
(909, 'Lence Robert', '', '1970-06-10 23:00:00', 1, 0, 1),
(910, 'Lanzac Abel', '', '1970-06-10 23:00:00', 1, 0, 1),
(911, 'Liu Bing', '', '1970-06-10 23:00:00', 1, 0, 1),
(912, 'Landon Castille', '', '1970-06-10 23:00:00', 1, 0, 1),
(913, 'Lechki Marek', '', '1970-06-10 23:00:00', 1, 0, 1),
(914, 'Labidi Manele', '', '1970-06-10 23:00:00', 1, 0, 1),
(915, 'Lee Francis', '', '1970-06-10 23:00:00', 1, 0, 1),
(916, 'Łukaszewicz Krzysztof', '', '1970-06-10 23:00:00', 1, 0, 1),
(917, 'Morris Patrick', '', '1970-06-10 23:00:00', 1, 0, 1),
(918, 'McLean Greg', '', '1970-06-10 23:00:00', 1, 0, 1),
(919, 'Martin Johnny', '', '1970-06-10 23:00:00', 1, 0, 1),
(920, 'McKendry Gary', '', '1970-06-10 23:00:00', 1, 0, 1),
(921, 'Marshall Garry', '', '1970-06-10 23:00:00', 1, 0, 1),
(922, 'Muccino Gabriele', '', '1970-06-10 23:00:00', 1, 0, 1),
(923, 'Mottola Greg', '', '1970-06-10 23:00:00', 1, 0, 1),
(924, 'Miller George', '', '1970-06-10 23:00:00', 1, 0, 1),
(925, 'Miyazaki Hayao', '', '1970-06-10 23:00:00', 1, 0, 1),
(926, 'Majewski Janusz', '', '1970-06-10 23:00:00', 1, 0, 1);
INSERT INTO `director` (`id`, `name`, `description`, `birth_date`, `birth_place`, `picture`, `status`) VALUES
(927, 'Morgenstern Janusz', '', '1970-06-10 23:00:00', 1, 0, 1),
(928, 'Morales Guillem', '', '1970-06-10 23:00:00', 1, 0, 1),
(929, 'Mangold James', '', '1970-06-10 23:00:00', 1, 0, 1),
(930, 'Marsh James', '', '1970-06-10 23:00:00', 1, 0, 1),
(931, 'Modestowicz Waldemar', '', '1970-06-10 23:00:00', 1, 0, 1),
(932, 'Migoń Weronika', '', '1970-06-10 23:00:00', 1, 0, 1),
(933, 'Moore Tomm', '', '1970-06-10 23:00:00', 1, 0, 1),
(934, 'Marshall Tonie', '', '1970-06-10 23:00:00', 1, 0, 1),
(935, 'McCarthy Tom', '', '1970-06-10 23:00:00', 1, 0, 1),
(936, 'Miller Tim', '', '1970-06-10 23:00:00', 1, 0, 1),
(937, 'Monahan William', '', '1970-06-10 23:00:00', 1, 0, 1),
(938, 'Manuk Depoyan', '', '1970-06-10 23:00:00', 1, 0, 1),
(939, 'Mucha Stanisław', '', '1970-06-10 23:00:00', 1, 0, 1),
(940, 'Mulcahy Russell', '', '1970-06-10 23:00:00', 1, 0, 1),
(941, 'Murphy Ryan', '', '1970-06-10 23:00:00', 1, 0, 1),
(942, 'Murdoch Stuart', '', '1970-06-10 23:00:00', 1, 0, 1),
(943, 'Mendes Sam', '', '1970-06-10 23:00:00', 1, 0, 1),
(944, 'Martino Steve', '', '1970-06-10 23:00:00', 1, 0, 1),
(945, 'McQueen Steve', '', '1970-06-10 23:00:00', 1, 0, 1),
(946, 'Michell Roger', '', '1970-06-10 23:00:00', 1, 0, 1),
(947, 'McGrath Tom', '', '1970-06-10 23:00:00', 1, 0, 1),
(948, 'Melfi Theodore', '', '1970-06-10 23:00:00', 1, 0, 1),
(949, 'Mansukhani Tarun', '', '1970-06-10 23:00:00', 1, 0, 1),
(950, 'MacFarlane Seth', '', '1970-06-10 23:00:00', 1, 0, 1),
(951, 'McCarthy Thomas', '', '1970-06-10 23:00:00', 1, 0, 1),
(952, 'McCormack Sean', '', '1970-06-10 23:00:00', 1, 0, 1),
(953, 'McKay Chris', '', '1970-06-10 23:00:00', 1, 0, 1),
(954, 'Miller Rebecca', '', '1970-06-10 23:00:00', 1, 0, 1),
(955, 'Maguire Sharon', '', '1970-06-10 23:00:00', 1, 0, 1),
(956, 'Markiewicz Radosław', '', '1970-06-10 23:00:00', 1, 0, 1),
(957, 'Moore Jason', '', '1970-06-10 23:00:00', 1, 0, 1),
(958, 'Moore Scott', '', '1970-06-10 23:00:00', 1, 0, 1),
(959, 'McGregor Ewan', '', '1970-06-10 23:00:00', 1, 0, 1),
(961, 'McDonald Stuart', '', '1970-06-10 23:00:00', 1, 0, 1),
(962, 'Mewshaw Sean', '', '1970-06-10 23:00:00', 1, 0, 1),
(963, 'Matthiesen Mads', '', '1970-06-10 23:00:00', 1, 0, 1),
(964, 'Marczak Michał', '', '1970-06-10 23:00:00', 1, 0, 1),
(965, 'Męczkowski Marcin', '', '1970-06-10 23:00:00', 1, 0, 1),
(966, 'Marini Alberto', '', '1970-06-10 23:00:00', 1, 0, 1),
(967, 'Mills Mike', '', '1970-06-10 23:00:00', 1, 0, 1),
(968, 'Mitchell Mike', '', '1970-06-10 23:00:00', 1, 0, 1),
(969, 'Meyers Nancy', '', '1970-06-10 23:00:00', 1, 0, 1),
(970, 'McG McG', '', '1970-06-10 23:00:00', 1, 0, 1),
(971, 'Mann Michael', '', '1970-06-10 23:00:00', 1, 0, 1),
(972, 'McGuigan Paul', '', '1970-06-10 23:00:00', 1, 0, 1),
(973, 'Megaton Oliver', '', '1970-06-10 23:00:00', 1, 0, 1),
(974, 'Martinelli Renzo', '', '1970-06-10 23:00:00', 1, 0, 1),
(975, 'Murro Noam', '', '1970-06-10 23:00:00', 1, 0, 1),
(976, 'Moore Rich', '', '1970-06-10 23:00:00', 1, 0, 1),
(977, 'Marshall Rob', '', '1970-06-10 23:00:00', 1, 0, 1),
(978, 'Megaton Olivier', '', '1970-06-10 23:00:00', 1, 0, 1),
(979, 'Marie Olivier', '', '1970-06-10 23:00:00', 1, 0, 1),
(980, 'Minkoff Rob', '', '1970-06-10 23:00:00', 1, 0, 1),
(981, 'Morel Pierre', '', '1970-06-10 23:00:00', 1, 0, 1),
(982, 'Marshall Neil', '', '1970-06-10 23:00:00', 1, 0, 1),
(983, 'Mularuk Piotr', '', '1970-06-10 23:00:00', 1, 0, 1),
(984, 'Moretti Nanni', '', '1970-06-10 23:00:00', 1, 0, 1),
(985, 'Michałkow Nikita', '', '1970-06-10 23:00:00', 1, 0, 1),
(986, 'Murphy Nick', '', '1970-06-10 23:00:00', 1, 0, 1),
(987, 'Muschietti Andres', '', '1970-06-10 23:00:00', 1, 0, 1),
(988, 'McKay Adam', '', '1970-06-10 23:00:00', 1, 0, 1),
(989, 'Maleszka Andrzej', '', '1970-06-10 23:00:00', 1, 0, 1),
(990, 'Morawski Cezary', '', '1970-06-10 23:00:00', 1, 0, 1),
(991, 'Megerdichev Anton', '', '1970-06-10 23:00:00', 1, 0, 1),
(992, 'McDowell Charlie', '', '1970-06-10 23:00:00', 1, 0, 1),
(993, 'Mesjasz Anna', '', '1970-06-10 23:00:00', 1, 0, 1),
(994, 'Morris Bruce', '', '1970-06-10 23:00:00', 1, 0, 1),
(995, 'Miller Chris', '', '1970-06-10 23:00:00', 1, 0, 1),
(996, 'Miller Bennett', '', '1970-06-10 23:00:00', 1, 0, 1),
(997, 'Mazin Craig', '', '1970-06-10 23:00:00', 1, 0, 1),
(998, 'Miller Christopher', '', '1970-06-10 23:00:00', 1, 0, 1),
(999, 'Molina Christian', '', '1970-06-10 23:00:00', 1, 0, 1),
(1000, 'McQuarrie Christopher', '', '1970-06-10 23:00:00', 1, 0, 1),
(1001, 'Münchow-Pohl Ute', '', '1970-06-10 23:00:00', 1, 0, 1),
(1002, 'Mitchell John', '', '1970-06-10 23:00:00', 1, 0, 1),
(1003, 'Majewski Lech', '', '1970-06-10 23:00:00', 1, 0, 1),
(1004, 'Moore John', '', '1970-06-10 23:00:00', 1, 0, 1),
(1005, 'Morris John', '', '1970-06-10 23:00:00', 1, 0, 1),
(1006, 'Madden John', '', '1970-06-10 23:00:00', 1, 0, 1),
(1007, 'Musker John', '', '1970-06-10 23:00:00', 1, 0, 1),
(1008, 'Mantello Jean-Jacques', '', '1970-06-10 23:00:00', 1, 0, 1),
(1009, 'Macdonald Kevin', '', '1970-06-10 23:00:00', 1, 0, 1),
(1010, 'Munroe Kevin', '', '1970-06-10 23:00:00', 1, 0, 1),
(1011, 'Micco Kirk', '', '1970-06-10 23:00:00', 1, 0, 1),
(1012, 'Malec Mariusz', '', '1970-06-10 23:00:00', 1, 0, 1),
(1013, 'McDonagh Martin', '', '1970-06-10 23:00:00', 1, 0, 1),
(1014, 'Mylod Mark', '', '1970-06-10 23:00:00', 1, 0, 1),
(1015, 'Machulski Juliusz', '', '1970-06-10 23:00:00', 1, 0, 1),
(1016, 'Migas Maciej', '', '1970-06-10 23:00:00', 1, 0, 1),
(1017, 'Mostow Jonathan', '', '1970-06-10 23:00:00', 1, 0, 1),
(1018, 'Madonna Madonna', '', '1970-06-10 23:00:00', 1, 0, 1),
(1019, 'Malick Terrence', '', '1970-06-10 23:00:00', 1, 0, 1),
(1020, 'Miller Steven', '', '1970-06-10 23:00:00', 1, 0, 1),
(1021, 'Marszewski Jarosław', '', '1970-06-10 23:00:00', 1, 0, 1),
(1022, 'Mazer Dan', '', '1970-06-10 23:00:00', 1, 0, 1),
(1023, 'McGrath Douglas', '', '1970-06-10 23:00:00', 1, 0, 1),
(1024, 'Miller Dawid', '', '1970-06-10 23:00:00', 1, 0, 1),
(1025, 'Mehta Deepa', '', '1970-06-10 23:00:00', 1, 0, 1),
(1026, 'Montiel Dito', '', '1970-06-10 23:00:00', 1, 0, 1),
(1027, 'Miller Frank', '', '1970-06-10 23:00:00', 1, 0, 1),
(1028, 'Moreau David', '', '1970-06-10 23:00:00', 1, 0, 1),
(1029, 'Maniquis Ethan', '', '1970-06-10 23:00:00', 1, 0, 1),
(1030, 'Mira Eugenio', '', '1970-06-10 23:00:00', 1, 0, 1),
(1031, 'Meirelles Fernando', '', '1970-06-10 23:00:00', 1, 0, 1),
(1032, 'Marczewski Filip', '', '1970-06-10 23:00:00', 1, 0, 1),
(1033, 'Mitchell David', '', '1970-06-10 23:00:00', 1, 0, 1),
(1034, 'Moland Hans', '', '1970-06-10 23:00:00', 1, 0, 1),
(1035, 'Meghie Stella', '', '1970-06-10 23:00:00', 1, 0, 1),
(1036, 'Memari Reza', '', '1970-06-10 23:00:00', 1, 0, 1),
(1037, 'Maury Julien', '', '1970-06-10 23:00:00', 1, 0, 1),
(1038, 'Maślona Paweł', '', '1970-06-10 23:00:00', 1, 0, 1),
(1039, 'Meyers-Shyer Hallie', '', '1970-06-10 23:00:00', 1, 0, 1),
(1040, 'Mosier Scott', '', '1970-06-10 23:00:00', 1, 0, 1),
(1041, 'Mason Michael', '', '1970-06-10 23:00:00', 1, 0, 1),
(1042, 'Mainardi Charlie', '', '1970-06-10 23:00:00', 1, 0, 1),
(1043, 'Moresco Robert', '', '1970-06-10 23:00:00', 1, 0, 1),
(1044, 'Malamuzh Oleg', '', '1970-06-10 23:00:00', 1, 0, 1),
(1045, 'McMurray Gerard', '', '1970-06-10 23:00:00', 1, 0, 1),
(1046, 'MacDonald Bruce', '', '1970-06-10 23:00:00', 1, 0, 1),
(1047, 'Marsh Donovan', '', '1970-06-10 23:00:00', 1, 0, 1),
(1048, 'Markowicz Daniel', '', '1970-06-10 23:00:00', 1, 0, 1),
(1049, 'Mancuso Gail', '', '1970-06-10 23:00:00', 1, 0, 1),
(1050, 'Maistre Gilles', '', '1970-06-10 23:00:00', 1, 0, 1),
(1051, 'McCarthy Nicholas', '', '1970-06-10 23:00:00', 1, 0, 1),
(1052, 'Maximilian Konrad', '', '1970-06-10 23:00:00', 1, 0, 1),
(1053, 'Minghella Max', '', '1970-06-10 23:00:00', 1, 0, 1),
(1054, 'Medrano Carlos', '', '1970-06-10 23:00:00', 1, 0, 1),
(1055, 'Maidatchevsky Guillaume', '', '1970-06-10 23:00:00', 1, 0, 1),
(1056, 'Milowicz Michał', '', '1970-06-10 23:00:00', 1, 0, 1),
(1057, 'MCQUOID SIMON', '', '1970-06-10 23:00:00', 1, 0, 1),
(1058, 'Maltby Tim', '', '1970-06-10 23:00:00', 1, 0, 1),
(1059, 'Macqueen Harry', '', '1970-06-10 23:00:00', 1, 0, 1),
(1060, 'Munden Marc', '', '1970-06-10 23:00:00', 1, 0, 1),
(1061, 'Murphy Shannon', '', '1970-06-10 23:00:00', 1, 0, 1),
(1062, 'McNamara Sean', '', '1970-06-10 23:00:00', 1, 0, 1),
(1063, 'Matuszyński Jan', '', '1970-06-10 23:00:00', 1, 0, 1),
(1064, 'Marcello Pietro', '', '1970-06-10 23:00:00', 1, 0, 1),
(1065, 'Mortensen Viggo', '', '1970-06-10 23:00:00', 1, 0, 1),
(1066, 'No Gaspar', '', '1970-06-10 23:00:00', 1, 0, 1),
(1067, 'Nolfi George', '', '1970-06-10 23:00:00', 1, 0, 1),
(1068, 'Nakata Hideo', '', '1970-06-10 23:00:00', 1, 0, 1),
(1069, 'Natali Vincenzo', '', '1970-06-10 23:00:00', 1, 0, 1),
(1070, 'Nelson Jessie', '', '1970-06-10 23:00:00', 1, 0, 1),
(1071, 'Nixey Troy', '', '1970-06-10 23:00:00', 1, 0, 1),
(1072, 'Nielsen Thomas', '', '1970-06-10 23:00:00', 1, 0, 1),
(1073, 'Nicolas-Troyan Cedric', '', '1970-06-10 23:00:00', 1, 0, 1),
(1074, 'Najafi Babak', '', '1970-06-10 23:00:00', 1, 0, 1),
(1075, 'Naishuller Ilya', '', '1970-06-10 23:00:00', 1, 0, 1),
(1076, 'Noelle Marie', '', '1970-06-10 23:00:00', 1, 0, 1),
(1077, 'Nowrasteh Cyrus', '', '1970-06-10 23:00:00', 1, 0, 1),
(1078, 'Newell Mike', '', '1970-06-10 23:00:00', 1, 0, 1),
(1079, 'Nichols Mike', '', '1970-06-10 23:00:00', 1, 0, 1),
(1080, 'Nrgaard Mikkel', '', '1970-06-10 23:00:00', 1, 0, 1),
(1081, 'Norgaard Mikkel', '', '1970-06-10 23:00:00', 1, 0, 1),
(1082, 'Nair Mira', '', '1970-06-10 23:00:00', 1, 0, 1),
(1083, 'Nakache Olivier', '', '1970-06-10 23:00:00', 1, 0, 1),
(1084, 'Nightingale Neil', '', '1970-06-10 23:00:00', 1, 0, 1),
(1085, 'Noyce Phillip', '', '1970-06-10 23:00:00', 1, 0, 1),
(1086, 'Nourizadeh Nima', '', '1970-06-10 23:00:00', 1, 0, 1),
(1087, 'Nilsson Johannes', '', '1970-06-10 23:00:00', 1, 0, 1),
(1088, 'Nieścierow Kuba', '', '1970-06-10 23:00:00', 1, 0, 1),
(1089, 'Niewolski Konrad', '', '1970-06-10 23:00:00', 1, 0, 1),
(1090, 'Nichols Jeff', '', '1970-06-10 23:00:00', 1, 0, 1),
(1091, 'Najbrt Marek', '', '1970-06-10 23:00:00', 1, 0, 1),
(1092, 'Nispel Marcus', '', '1970-06-10 23:00:00', 1, 0, 1),
(1093, 'Neveldine Mark', '', '1970-06-10 23:00:00', 1, 0, 1),
(1094, 'Niccol Andrew', '', '1970-06-10 23:00:00', 1, 0, 1),
(1095, 'Norton Ezekiel', '', '1970-06-10 23:00:00', 1, 0, 1),
(1096, 'Nerlich David', '', '1970-06-10 23:00:00', 1, 0, 1),
(1097, 'Naharro Antonio', '', '1970-06-10 23:00:00', 1, 0, 1),
(1098, 'Nss Arne', '', '1970-06-10 23:00:00', 1, 0, 1),
(1099, 'Nolan Christopher', '', '1970-06-10 23:00:00', 1, 0, 1),
(1100, 'Nyman Andy', '', '1970-06-10 23:00:00', 1, 0, 1),
(1101, 'Nenow Damian', '', '1970-06-10 23:00:00', 1, 0, 1),
(1102, 'Norton Edward', '', '1970-06-10 23:00:00', 1, 0, 1),
(1103, 'Nunn Trevor', '', '1970-06-10 23:00:00', 1, 0, 1),
(1104, 'Nilova Natalya', '', '1970-06-10 23:00:00', 1, 0, 1),
(1105, 'Nickel Dawid', '', '1970-06-10 23:00:00', 1, 0, 1),
(1106, 'Nikolaev Vladimir', '', '1970-06-10 23:00:00', 1, 0, 1),
(1107, 'Nefedova Marina', '', '1970-06-10 23:00:00', 1, 0, 1),
(1108, 'Orzechowski Andrzej', '', '1970-06-10 23:00:00', 1, 0, 1),
(1109, 'Ozon Franois', '', '1970-06-10 23:00:00', 1, 0, 1),
(1110, 'Oz Frank', '', '1970-06-10 23:00:00', 1, 0, 1),
(1111, 'Odenkirk Bob', '', '1970-06-10 23:00:00', 1, 0, 1),
(1112, 'Orman Thurop', '', '1970-06-10 23:00:00', 1, 0, 1),
(1113, 'Olderdissen Hanno', '', '1970-06-10 23:00:00', 1, 0, 1),
(1115, 'Olencki Cyprian', '', '1970-06-10 23:00:00', 1, 0, 1),
(1116, 'Okorn Mitja', '', '1970-06-10 23:00:00', 1, 0, 1),
(1117, 'Otłowski Michał', '', '1970-06-10 23:00:00', 1, 0, 1),
(1118, 'Osunsanmi Olatunde', '', '1970-06-10 23:00:00', 1, 0, 1),
(1119, 'Ormerod Nick', '', '1970-06-10 23:00:00', 1, 0, 1),
(1120, 'Orzechowski Witold', '', '1970-06-10 23:00:00', 1, 0, 1),
(1121, 'Olivares Gerardo', '', '1970-06-10 23:00:00', 1, 0, 1),
(1122, 'Oplev Niels', '', '1970-06-10 23:00:00', 1, 0, 1),
(1123, 'Ortega Kenny', '', '1970-06-10 23:00:00', 1, 0, 1),
(1124, 'Odiegow Konstantin', '', '1970-06-10 23:00:00', 1, 0, 1),
(1125, 'Ochiai Masayuki', '', '1970-06-10 23:00:00', 1, 0, 1),
(1126, 'Osborne Mark', '', '1970-06-10 23:00:00', 1, 0, 1),
(1127, 'Odoliński Maciej', '', '1970-06-10 23:00:00', 1, 0, 1),
(1128, 'Payne Alexander', '', '1970-06-10 23:00:00', 1, 0, 1),
(1129, 'Proyas Alex', '', '1970-06-10 23:00:00', 1, 0, 1),
(1130, 'Poul Alan', '', '1970-06-10 23:00:00', 1, 0, 1),
(1131, 'Perkins Oz', '', '1970-06-10 23:00:00', 1, 0, 1),
(1132, 'Pierre Dan', '', '1970-06-10 23:00:00', 1, 0, 1),
(1133, 'Pang Danny', '', '1970-06-10 23:00:00', 1, 0, 1),
(1134, 'Pasquini Dania', '', '1970-06-10 23:00:00', 1, 0, 1),
(1135, 'Parisot Dean', '', '1970-06-10 23:00:00', 1, 0, 1),
(1136, 'Pytka Ewa', '', '1970-06-10 23:00:00', 1, 0, 1),
(1137, 'Pazura Cezary', '', '1970-06-10 23:00:00', 1, 0, 1),
(1138, 'Percival Brian', '', '1970-06-10 23:00:00', 1, 0, 1),
(1139, 'Parker Bradley', '', '1970-06-10 23:00:00', 1, 0, 1),
(1140, 'Peyton Brad', '', '1970-06-10 23:00:00', 1, 0, 1),
(1141, 'Parramore Bruce', '', '1970-06-10 23:00:00', 1, 0, 1),
(1142, 'Powers Chuck', '', '1970-06-10 23:00:00', 1, 0, 1),
(1143, 'Peterson Bob', '', '1970-06-10 23:00:00', 1, 0, 1),
(1144, 'Palmer Ben', '', '1970-06-10 23:00:00', 1, 0, 1),
(1145, 'Pendrakowskij Walerij', '', '1970-06-10 23:00:00', 1, 0, 1),
(1146, 'Paronnaud Vincent', '', '1970-06-10 23:00:00', 1, 0, 1),
(1147, 'Pfister Wally', '', '1970-06-10 23:00:00', 1, 0, 1),
(1148, 'Plotkin Gregory', '', '1970-06-10 23:00:00', 1, 0, 1),
(1149, 'Palkowski Łukasz', '', '1970-06-10 23:00:00', 1, 0, 1),
(1150, 'Pastor Álvaro', '', '1970-06-10 23:00:00', 1, 0, 1),
(1151, 'Prokopowicz Bartosz', '', '1970-06-10 23:00:00', 1, 0, 1),
(1152, 'Pietrzak Aleksander', '', '1970-06-10 23:00:00', 1, 0, 1),
(1153, 'Peretz Jesse', '', '1970-06-10 23:00:00', 1, 0, 1),
(1154, 'Persichetti Bob', '', '1970-06-10 23:00:00', 1, 0, 1),
(1155, 'Piwowarski Konrad', '', '1970-06-10 23:00:00', 1, 0, 1),
(1156, 'Penna Joe', '', '1970-06-10 23:00:00', 1, 0, 1),
(1157, 'Panek Adrian', '', '1970-06-10 23:00:00', 1, 0, 1),
(1158, 'Pesce Nicolas', '', '1970-06-10 23:00:00', 1, 0, 1),
(1159, 'Potoczek Aleksandra', '', '1970-06-10 23:00:00', 1, 0, 1),
(1160, 'Paduch Bartosz', '', '1970-06-10 23:00:00', 1, 0, 1),
(1161, 'Papushado Navot', '', '1970-06-10 23:00:00', 1, 0, 1),
(1162, 'Pasikowski Władysław', '', '1970-06-10 23:00:00', 1, 0, 1),
(1163, 'Palud Xavier', '', '1970-06-10 23:00:00', 1, 0, 1),
(1164, 'Parśniak Michał', '', '1970-06-10 23:00:00', 1, 0, 1),
(1165, 'Pacyna Wojciech', '', '1970-06-10 23:00:00', 1, 0, 1),
(1166, 'Paszkowski Wojciech', '', '1970-06-10 23:00:00', 1, 0, 1),
(1167, 'Prince-Bythewood Gina', '', '1970-06-10 23:00:00', 1, 0, 1),
(1168, 'Pinkava Jan', '', '1970-06-10 23:00:00', 1, 0, 1),
(1169, 'Pacek Grzegorz', '', '1970-06-10 23:00:00', 1, 0, 1),
(1171, 'Paul Cinco', '', '1970-06-10 23:00:00', 1, 0, 1),
(1172, 'Paradowicz Tadeusz', '', '1970-06-10 23:00:00', 1, 0, 1),
(1173, 'Pulcini Robert', '', '1970-06-10 23:00:00', 1, 0, 1),
(1174, 'Polański Roman', '', '1970-06-10 23:00:00', 1, 0, 1),
(1175, 'Pla Rodrigo', '', '1970-06-10 23:00:00', 1, 0, 1),
(1176, 'Pink Steve', '', '1970-06-10 23:00:00', 1, 0, 1),
(1177, 'Phillips Todd', '', '1970-06-10 23:00:00', 1, 0, 1),
(1178, 'Pitera Paweł', '', '1970-06-10 23:00:00', 1, 0, 1),
(1179, 'Pouzadoux Pascale', '', '1970-06-10 23:00:00', 1, 0, 1),
(1180, 'Pawlikowski Paweł', '', '1970-06-10 23:00:00', 1, 0, 1),
(1181, 'Parker Oliver', '', '1970-06-10 23:00:00', 1, 0, 1),
(1182, 'Plaza Paco', '', '1970-06-10 23:00:00', 1, 0, 1),
(1183, 'Peli Oren', '', '1970-06-10 23:00:00', 1, 0, 1),
(1184, 'Panda Nila', '', '1970-06-10 23:00:00', 1, 0, 1),
(1185, 'Peele Jordan', '', '1970-06-10 23:00:00', 1, 0, 1),
(1186, 'Portman Natalie', '', '1970-06-10 23:00:00', 1, 0, 1),
(1187, 'Palej Mariusz', '', '1970-06-10 23:00:00', 1, 0, 1),
(1188, 'Plucińska Marta', '', '1970-06-10 23:00:00', 1, 0, 1),
(1189, 'Penker Otmar', '', '1970-06-10 23:00:00', 1, 0, 1),
(1190, 'Ponsoldt James', '', '1970-06-10 23:00:00', 1, 0, 1),
(1191, 'Pedersen Janus', '', '1970-06-10 23:00:00', 1, 0, 1),
(1192, 'Peck Raoul', '', '1970-06-10 23:00:00', 1, 0, 1),
(1193, 'Park Nick', '', '1970-06-10 23:00:00', 1, 0, 1),
(1194, 'Parker Ol', '', '1970-06-10 23:00:00', 1, 0, 1),
(1195, 'Pogue John', '', '1970-06-10 23:00:00', 1, 0, 1),
(1196, 'Pearn Kris', '', '1970-06-10 23:00:00', 1, 0, 1),
(1197, 'Piwowarski Kordian', '', '1970-06-10 23:00:00', 1, 0, 1),
(1198, 'Peirce Kimberly', '', '1970-06-10 23:00:00', 1, 0, 1),
(1199, 'Provost Martin', '', '1970-06-10 23:00:00', 1, 0, 1),
(1200, 'Pieprzyca Maciej', '', '1970-06-10 23:00:00', 1, 0, 1),
(1201, 'Pisarek Maciej', '', '1970-06-10 23:00:00', 1, 0, 1),
(1202, 'Piekorz Magdalena', '', '1970-06-10 23:00:00', 1, 0, 1),
(1203, 'Reckhart Timothy', '', '1970-06-10 23:00:00', 1, 0, 1),
(1204, 'Robinson Angela', '', '1970-06-10 23:00:00', 1, 0, 1),
(1205, 'Ross Gary', '', '1970-06-10 23:00:00', 1, 0, 1),
(1206, 'Reitman Ivan', '', '1970-06-10 23:00:00', 1, 0, 1),
(1207, 'Ratliff George', '', '1970-06-10 23:00:00', 1, 0, 1),
(1208, 'Rahbek Jan', '', '1970-06-10 23:00:00', 1, 0, 1),
(1209, 'Ritchi Guy', '', '1970-06-10 23:00:00', 1, 0, 1),
(1210, 'Ritchie Guy', '', '1970-06-10 23:00:00', 1, 0, 1),
(1211, 'Riggen Patricia', '', '1970-06-10 23:00:00', 1, 0, 1),
(1212, 'Ray Billy', '', '1970-06-10 23:00:00', 1, 0, 1),
(1213, 'Raimi Sam', '', '1970-06-10 23:00:00', 1, 0, 1),
(1214, 'Ruzowitzky Stefan', '', '1970-06-10 23:00:00', 1, 0, 1),
(1216, 'Rodriguez Robert', '', '1970-06-10 23:00:00', 1, 0, 1),
(1217, 'Ragobert Thierry', '', '1970-06-10 23:00:00', 1, 0, 1),
(1218, 'Rogen Seth', '', '1970-06-10 23:00:00', 1, 0, 1),
(1219, 'Regucki Dariusz', '', '1970-06-10 23:00:00', 1, 0, 1),
(1220, 'Roberts Johannes', '', '1970-06-10 23:00:00', 1, 0, 1),
(1221, 'Reilly Fergal', '', '1970-06-10 23:00:00', 1, 0, 1),
(1222, 'Reynolds Kevin', '', '1970-06-10 23:00:00', 1, 0, 1),
(1223, 'Redford Robert', '', '1970-06-10 23:00:00', 1, 0, 1),
(1224, 'Roenning Joachim', '', '1970-06-10 23:00:00', 1, 0, 1),
(1225, 'Rosa Michał', '', '1970-06-10 23:00:00', 1, 0, 1),
(1226, 'Rogalski Michał', '', '1970-06-10 23:00:00', 1, 0, 1),
(1227, 'Ramsey Peter', '', '1970-06-10 23:00:00', 1, 0, 1),
(1228, 'Reiner Rob', '', '1970-06-10 23:00:00', 1, 0, 1),
(1229, 'Reed Peyton', '', '1970-06-10 23:00:00', 1, 0, 1),
(1230, 'Refn Nicolas', '', '1970-06-10 23:00:00', 1, 0, 1),
(1231, 'Rinsch Carl', '', '1970-06-10 23:00:00', 1, 0, 1),
(1232, 'Robbins Brian', '', '1970-06-10 23:00:00', 1, 0, 1),
(1233, 'Ratner Brett', '', '1970-06-10 23:00:00', 1, 0, 1),
(1234, 'Raymond Bradley', '', '1970-06-10 23:00:00', 1, 0, 1),
(1235, 'Russo Anthony', '', '1970-06-10 23:00:00', 1, 0, 1),
(1236, 'Robinson Bruce', '', '1970-06-10 23:00:00', 1, 0, 1),
(1237, 'Rose Bernard', '', '1970-06-10 23:00:00', 1, 0, 1),
(1238, 'Renaud Chris', '', '1970-06-10 23:00:00', 1, 0, 1),
(1239, 'Reeve Christopher', '', '1970-06-10 23:00:00', 1, 0, 1),
(1240, 'Rodriguez Alberto', '', '1970-06-10 23:00:00', 1, 0, 1),
(1241, 'Russo Joe', '', '1970-06-10 23:00:00', 1, 0, 1),
(1242, 'Reitman Jason', '', '1970-06-10 23:00:00', 1, 0, 1),
(1243, 'Rosłaniec Katarzyna', '', '1970-06-10 23:00:00', 1, 0, 1),
(1244, 'Russell Jay', '', '1970-06-10 23:00:00', 1, 0, 1),
(1245, 'Rash Jim', '', '1970-06-10 23:00:00', 1, 0, 1),
(1246, 'Rendall Kimble', '', '1970-06-10 23:00:00', 1, 0, 1),
(1247, 'Rebella Juan', '', '1970-06-10 23:00:00', 1, 0, 1),
(1248, 'Robinson Julie', '', '1970-06-10 23:00:00', 1, 0, 1),
(1249, 'Robaczewski Marek', '', '1970-06-10 23:00:00', 1, 0, 1),
(1250, 'Reeves Matt', '', '1970-06-10 23:00:00', 1, 0, 1),
(1251, 'Ross Matt', '', '1970-06-10 23:00:00', 1, 0, 1),
(1252, 'Ramsay Lynne', '', '1970-06-10 23:00:00', 1, 0, 1),
(1253, 'Requa John', '', '1970-06-10 23:00:00', 1, 0, 1),
(1254, 'Ratnam Mani', '', '1970-06-10 23:00:00', 1, 0, 1),
(1255, 'Rumley Simon', '', '1970-06-10 23:00:00', 1, 0, 1),
(1256, 'Riklis Eran', '', '1970-06-10 23:00:00', 1, 0, 1),
(1257, 'Rudnicki Filip', '', '1970-06-10 23:00:00', 1, 0, 1),
(1258, 'Russell David', '', '1970-06-10 23:00:00', 1, 0, 1),
(1259, 'Ronduda Łukasz', '', '1970-06-10 23:00:00', 1, 0, 1),
(1260, 'Robitel Adam', '', '1970-06-10 23:00:00', 1, 0, 1),
(1261, 'Rurka Krzysztof', '', '1970-06-10 23:00:00', 1, 0, 1),
(1262, 'Roth Eli', '', '1970-06-10 23:00:00', 1, 0, 1),
(1263, 'Rivers Christian', '', '1970-06-10 23:00:00', 1, 0, 1),
(1264, 'Rourke Josie', '', '1970-06-10 23:00:00', 1, 0, 1),
(1265, 'Rooijen Diederik', '', '1970-06-10 23:00:00', 1, 0, 1),
(1266, 'Rodat Robert', '', '1970-06-10 23:00:00', 1, 0, 1),
(1267, 'Rice John', '', '1970-06-10 23:00:00', 1, 0, 1),
(1268, 'Russo-Young Ry', '', '1970-06-10 23:00:00', 1, 0, 1),
(1269, 'Roach Jay', '', '1970-06-10 23:00:00', 1, 0, 1),
(1270, 'Rakowicz Mateusz', '', '1970-06-10 23:00:00', 1, 0, 1),
(1271, 'Rianda Mike', '', '1970-06-10 23:00:00', 1, 0, 1),
(1272, 'Renz Christopher', '', '1970-06-10 23:00:00', 1, 0, 1),
(1273, 'Rasoulof Mohammed', '', '1970-06-10 23:00:00', 1, 0, 1),
(1274, 'Seltzer Aaron', '', '1970-06-10 23:00:00', 1, 0, 1),
(1275, 'Schneider Aaron', '', '1970-06-10 23:00:00', 1, 0, 1),
(1276, 'Shankman Adam', '', '1970-06-10 23:00:00', 1, 0, 1),
(1277, 'Shelly Adrienne', '', '1970-06-10 23:00:00', 1, 0, 1),
(1278, 'Sevani Adam', '', '1970-06-10 23:00:00', 1, 0, 1),
(1279, 'Stadermann Alexs', '', '1970-06-10 23:00:00', 1, 0, 1),
(1280, 'Schaffer Akiva', '', '1970-06-10 23:00:00', 1, 0, 1),
(1281, 'Saramonowicz Andrzej', '', '1970-06-10 23:00:00', 1, 0, 1),
(1282, 'Stanton Andrew', '', '1970-06-10 23:00:00', 1, 0, 1),
(1283, 'Styles Eric', '', '1970-06-10 23:00:00', 1, 0, 1),
(1284, 'Scanlon Dan', '', '1970-06-10 23:00:00', 1, 0, 1),
(1285, 'Sena Dominic', '', '1970-06-10 23:00:00', 1, 0, 1),
(1286, 'Szifron Damin', '', '1970-06-10 23:00:00', 1, 0, 1),
(1287, 'Stamm Daniel', '', '1970-06-10 23:00:00', 1, 0, 1),
(1288, 'Schuldt Eduardo', '', '1970-06-10 23:00:00', 1, 0, 1),
(1289, 'Serban Florin', '', '1970-06-10 23:00:00', 1, 0, 1),
(1290, 'Schepisi Fred', '', '1970-06-10 23:00:00', 1, 0, 1),
(1291, 'Soren David', '', '1970-06-10 23:00:00', 1, 0, 1),
(1292, 'Slade David', '', '1970-06-10 23:00:00', 1, 0, 1),
(1293, 'Silverman David', '', '1970-06-10 23:00:00', 1, 0, 1),
(1294, 'Schulman Ariel', '', '1970-06-10 23:00:00', 1, 0, 1),
(1295, 'Sandel Ari', '', '1970-06-10 23:00:00', 1, 0, 1),
(1296, 'Smith Carter', '', '1970-06-10 23:00:00', 1, 0, 1),
(1297, 'Stacchi Anthony', '', '1970-06-10 23:00:00', 1, 0, 1),
(1298, 'Saldanha Carlos', '', '1970-06-10 23:00:00', 1, 0, 1),
(1299, 'Stahelski Chad', '', '1970-06-10 23:00:00', 1, 0, 1),
(1300, 'Silverston Anthony', '', '1970-06-10 23:00:00', 1, 0, 1),
(1301, 'Steers Burr', '', '1970-06-10 23:00:00', 1, 0, 1),
(1302, 'Singer Bryan', '', '1970-06-10 23:00:00', 1, 0, 1),
(1303, 'Strause Colin', '', '1970-06-10 23:00:00', 1, 0, 1),
(1304, 'Sonnenfeld Barry', '', '1970-06-10 23:00:00', 1, 0, 1),
(1305, 'Stiller Ben', '', '1970-06-10 23:00:00', 1, 0, 1),
(1306, 'Stassen Ben', '', '1970-06-10 23:00:00', 1, 0, 1),
(1307, 'Sanders Chris', '', '1970-06-10 23:00:00', 1, 0, 1),
(1308, 'Sivertson Chris', '', '1970-06-10 23:00:00', 1, 0, 1),
(1309, 'Spencer Christopher', '', '1970-06-10 23:00:00', 1, 0, 1),
(1310, 'Smith Christopher', '', '1970-06-10 23:00:00', 1, 0, 1),
(1311, 'Smoczyńska Agnieszka', '', '1970-06-10 23:00:00', 1, 0, 1),
(1312, 'Souza Joel', '', '1970-06-10 23:00:00', 1, 0, 1),
(1313, 'Salles Walter', '', '1970-06-10 23:00:00', 1, 0, 1),
(1314, 'Sie Trish', '', '1970-06-10 23:00:00', 1, 0, 1),
(1315, 'Szafrański Tomasz', '', '1970-06-10 23:00:00', 1, 0, 1),
(1316, 'Scott Tony', '', '1970-06-10 23:00:00', 1, 0, 1),
(1317, 'Sthers Amanda', '', '1970-06-10 23:00:00', 1, 0, 1),
(1318, 'Sollima Stefano', '', '1970-06-10 23:00:00', 1, 0, 1),
(1319, 'Szkopiak Piotr', '', '1970-06-10 23:00:00', 1, 0, 1),
(1320, 'Silverstein Marc', '', '1970-06-10 23:00:00', 1, 0, 1),
(1321, 'Schrab Rob', '', '1970-06-10 23:00:00', 1, 0, 1),
(1322, 'Southerland Lynne', '', '1970-06-10 23:00:00', 1, 0, 1),
(1323, 'Segal Peter', '', '1970-06-10 23:00:00', 1, 0, 1),
(1324, 'Seet Shawn', '', '1970-06-10 23:00:00', 1, 0, 1),
(1325, 'Strauss-Schulson Todd', '', '1970-06-10 23:00:00', 1, 0, 1),
(1326, 'Sikora Adam', '', '1970-06-10 23:00:00', 1, 0, 1),
(1327, 'Smith Charles', '', '1970-06-10 23:00:00', 1, 0, 1),
(1328, 'Stupnitsky Gene', '', '1970-06-10 23:00:00', 1, 0, 1),
(1329, 'Solomon Cary', '', '1970-06-10 23:00:00', 1, 0, 1),
(1330, 'Smith Ben', '', '1970-06-10 23:00:00', 1, 0, 1),
(1331, 'Shortland Cate', '', '1970-06-10 23:00:00', 1, 0, 1),
(1332, 'Sodahl Maria', '', '1970-06-10 23:00:00', 1, 0, 1),
(1333, 'Story Tim', '', '1970-06-10 23:00:00', 1, 0, 1),
(1334, 'Sauter Marcin', '', '1970-06-10 23:00:00', 1, 0, 1),
(1335, 'SHERIDAN TAYLOR', '', '1970-06-10 23:00:00', 1, 0, 1),
(1336, 'Słota Wojciech', '', '1970-06-10 23:00:00', 1, 0, 1),
(1337, 'Smarzowski Wojtek', '', '1970-06-10 23:00:00', 1, 0, 1),
(1338, 'Snyder Zack', '', '1970-06-10 23:00:00', 1, 0, 1),
(1339, 'Smarzowski Wojciech', '', '1970-06-10 23:00:00', 1, 0, 1),
(1340, 'Speck Will', '', '1970-06-10 23:00:00', 1, 0, 1),
(1341, 'Sohn Peter', '', '1970-06-10 23:00:00', 1, 0, 1),
(1342, 'Saniewski Wiesław', '', '1970-06-10 23:00:00', 1, 0, 1),
(1343, 'Skrzynecki Wiktor', '', '1970-06-10 23:00:00', 1, 0, 1),
(1344, 'Siewko Joanna', '', '1970-06-10 23:00:00', 1, 0, 1),
(1345, 'Stępniewski Grzegorz', '', '1970-06-10 23:00:00', 1, 0, 1),
(1346, 'Shore Gary', '', '1970-06-10 23:00:00', 1, 0, 1),
(1347, 'Strause Greg', '', '1970-06-10 23:00:00', 1, 0, 1),
(1348, 'Schreier Jake', '', '1970-06-10 23:00:00', 1, 0, 1),
(1349, 'Szylko Izabela', '', '1970-06-10 23:00:00', 1, 0, 1),
(1350, 'Straffi Iginio', '', '1970-06-10 23:00:00', 1, 0, 1),
(1351, 'Schlossberg Hayden', '', '1970-06-10 23:00:00', 1, 0, 1),
(1352, 'Siepermann Harald', '', '1970-06-10 23:00:00', 1, 0, 1),
(1353, 'Schneider Jane', '', '1970-06-10 23:00:00', 1, 0, 1),
(1354, 'Sverak Jan', '', '1970-06-10 23:00:00', 1, 0, 1),
(1355, 'Selick Henry', '', '1970-06-10 23:00:00', 1, 0, 1),
(1356, 'Sypniewski Jarosław', '', '1970-06-10 23:00:00', 1, 0, 1),
(1357, 'Szmidt Jarosław', '', '1970-06-10 23:00:00', 1, 0, 1),
(1358, 'Sadurski Grzegorz', '', '1970-06-10 23:00:00', 1, 0, 1),
(1359, 'Sant Gus', '', '1970-06-10 23:00:00', 1, 0, 1),
(1360, 'Stallone Sylvester', '', '1970-06-10 23:00:00', 1, 0, 1),
(1361, 'Sanders Rupert', '', '1970-06-10 23:00:00', 1, 0, 1),
(1362, 'Singh Tarsem', '', '1970-06-10 23:00:00', 1, 0, 1),
(1363, 'Sommers Stephen', '', '1970-06-10 23:00:00', 1, 0, 1),
(1364, 'Stromberg Robert', '', '1970-06-10 23:00:00', 1, 0, 1),
(1365, 'Swicord Robin', '', '1970-06-10 23:00:00', 1, 0, 1),
(1366, 'Schwentke Robert', '', '1970-06-10 23:00:00', 1, 0, 1),
(1367, 'Soderbergh Steven', '', '1970-06-10 23:00:00', 1, 0, 1),
(1368, 'Scott Stewart', '', '1970-06-10 23:00:00', 1, 0, 1),
(1369, 'Spielberg Steven', '', '1970-06-10 23:00:00', 1, 0, 1),
(1370, 'Smith Simon', '', '1970-06-10 23:00:00', 1, 0, 1),
(1371, 'Shadyac Tom', '', '1970-06-10 23:00:00', 1, 0, 1),
(1372, 'Speer Scott', '', '1970-06-10 23:00:00', 1, 0, 1),
(1373, 'Smith Sarah', '', '1970-06-10 23:00:00', 1, 0, 1),
(1374, 'Silva Sebastian', '', '1970-06-10 23:00:00', 1, 0, 1),
(1375, 'Szabo Thomas', '', '1970-06-10 23:00:00', 1, 0, 1),
(1376, 'Stewart Scott', '', '1970-06-10 23:00:00', 1, 0, 1),
(1377, 'Sala Paweł', '', '1970-06-10 23:00:00', 1, 0, 1),
(1378, 'Spierig Peter', '', '1970-06-10 23:00:00', 1, 0, 1),
(1379, 'Savard Nancy', '', '1970-06-10 23:00:00', 1, 0, 1),
(1380, 'Sega Peter', '', '1970-06-10 23:00:00', 1, 0, 1),
(1381, 'Szumowska Małgorzata', '', '1970-06-10 23:00:00', 1, 0, 1),
(1382, 'Szumowska Małgośka', '', '1970-06-10 23:00:00', 1, 0, 1),
(1383, 'Shakman Matt', '', '1970-06-10 23:00:00', 1, 0, 1),
(1384, 'Spierig Michael', '', '1970-06-10 23:00:00', 1, 0, 1),
(1385, 'Sucsy Michael', '', '1970-06-10 23:00:00', 1, 0, 1),
(1386, 'Starzack Richard', '', '1970-06-10 23:00:00', 1, 0, 1),
(1387, 'Stone Oliver', '', '1970-06-10 23:00:00', 1, 0, 1),
(1388, 'Simonsson Ola', '', '1970-06-10 23:00:00', 1, 0, 1),
(1389, 'Scott Ridley', '', '1970-06-10 23:00:00', 1, 0, 1),
(1390, 'Stoll Pablo', '', '1970-06-10 23:00:00', 1, 0, 1),
(1391, 'Sorrentino Paolo', '', '1970-06-10 23:00:00', 1, 0, 1),
(1392, 'Schneider Rob', '', '1970-06-10 23:00:00', 1, 0, 1),
(1393, 'Stone Olivier', '', '1970-06-10 23:00:00', 1, 0, 1),
(1394, 'Starzak Piotr', '', '1970-06-10 23:00:00', 1, 0, 1),
(1395, 'Stoller Nicholas', '', '1970-06-10 23:00:00', 1, 0, 1),
(1396, 'Stone Simon', '', '1970-06-10 23:00:00', 1, 0, 1),
(1397, 'Sharrock Thea', '', '1970-06-10 23:00:00', 1, 0, 1),
(1398, 'Sotskov Vadim', '', '1970-06-10 23:00:00', 1, 0, 1),
(1399, 'Scott Luke', '', '1970-06-10 23:00:00', 1, 0, 1),
(1400, 'Sandberg David', '', '1970-06-10 23:00:00', 1, 0, 1),
(1401, 'Szymanski Jake', '', '1970-06-10 23:00:00', 1, 0, 1),
(1402, 'Sunderman Collette', '', '1970-06-10 23:00:00', 1, 0, 1),
(1403, 'Spottiswoode Roger', '', '1970-06-10 23:00:00', 1, 0, 1),
(1404, 'Stillman Whit', '', '1970-06-10 23:00:00', 1, 0, 1),
(1405, 'Surmacz Andrzej', '', '1970-06-10 23:00:00', 1, 0, 1),
(1406, 'Summer Eric', '', '1970-06-10 23:00:00', 1, 0, 1),
(1407, 'Sweetland Doug', '', '1970-06-10 23:00:00', 1, 0, 1),
(1408, 'Sandberg Espen', '', '1970-06-10 23:00:00', 1, 0, 1),
(1409, 'Stenders Kriv', '', '1970-06-10 23:00:00', 1, 0, 1),
(1410, 'Sobieszczański Maciej', '', '1970-06-10 23:00:00', 1, 0, 1),
(1411, 'Sher Lawrence', '', '1970-06-10 23:00:00', 1, 0, 1),
(1412, 'Saleh Tarik', '', '1970-06-10 23:00:00', 1, 0, 1),
(1413, 'Slee Mike', '', '1970-06-10 23:00:00', 1, 0, 1),
(1414, 'Serkis Andy', '', '1970-06-10 23:00:00', 1, 0, 1),
(1415, 'Shin Stephen', '', '1970-06-10 23:00:00', 1, 0, 1),
(1416, 'Showalter Michael', '', '1970-06-10 23:00:00', 1, 0, 1),
(1417, 'Shammasian Ludwig', '', '1970-06-10 23:00:00', 1, 0, 1),
(1418, 'Shammasian Paul', '', '1970-06-10 23:00:00', 1, 0, 1),
(1419, 'Smrz Brian', '', '1970-06-10 23:00:00', 1, 0, 1),
(1420, 'Sorkin Aaron', '', '1970-06-10 23:00:00', 1, 0, 1),
(1421, 'Schumacher Joel', '', '1970-06-10 23:00:00', 1, 0, 1),
(1422, 'Scafaria Lorene', '', '1970-06-10 23:00:00', 1, 0, 1),
(1423, 'Shanley John', '', '1970-06-10 23:00:00', 1, 0, 1),
(1424, 'Scherfig Lone', '', '1970-06-10 23:00:00', 1, 0, 1),
(1425, 'Smith Kevin', '', '1970-06-10 23:00:00', 1, 0, 1),
(1426, 'Scott Ken', '', '1970-06-10 23:00:00', 1, 0, 1),
(1427, 'Skolimowski Jerzy', '', '1970-06-10 23:00:00', 1, 0, 1),
(1428, 'Stuhr Jerzy', '', '1970-06-10 23:00:00', 1, 0, 1),
(1429, 'Skonieczny Krzysztof', '', '1970-06-10 23:00:00', 1, 0, 1),
(1430, 'Sheridan Jim', '', '1970-06-10 23:00:00', 1, 0, 1),
(1431, 'Smith Jim', '', '1970-06-10 23:00:00', 1, 0, 1),
(1432, 'Sieriebriennikow Kirill', '', '1970-06-10 23:00:00', 1, 0, 1),
(1433, 'Sadowska Maria', '', '1970-06-10 23:00:00', 1, 0, 1),
(1434, 'Schnabel Julian', '', '1970-06-10 23:00:00', 1, 0, 1),
(1435, 'Satrapi Marjane', '', '1970-06-10 23:00:00', 1, 0, 1),
(1436, 'Solanas Juan', '', '1970-06-10 23:00:00', 1, 0, 1),
(1437, 'Stern Joshua', '', '1970-06-10 23:00:00', 1, 0, 1),
(1438, 'Solarz Marcin', '', '1970-06-10 23:00:00', 1, 0, 1),
(1439, 'Scorsese Martin', '', '1970-06-10 23:00:00', 1, 0, 1),
(1440, 'Singleton John', '', '1970-06-10 23:00:00', 1, 0, 1),
(1441, 'Stevenson John', '', '1970-06-10 23:00:00', 1, 0, 1),
(1442, 'Shelton Lynn', '', '1970-06-10 23:00:00', 1, 0, 1),
(1443, 'Schultz John', '', '1970-06-10 23:00:00', 1, 0, 1),
(1444, 'Statzner Lutz', '', '1970-06-10 23:00:00', 1, 0, 1),
(1445, 'Sicilia Manuel', '', '1970-06-10 23:00:00', 1, 0, 1),
(1446, 'Silverman Jonathan', '', '1970-06-10 23:00:00', 1, 0, 1),
(1447, 'Sveshnikov Maksim', '', '1970-06-10 23:00:00', 1, 0, 1),
(1448, 'Ślesicki Maciej', '', '1970-06-10 23:00:00', 1, 0, 1),
(1449, 'Ścibor-Rylski Aleksander', '', '1970-06-10 23:00:00', 1, 0, 1),
(1450, 'Śliwa Tadeusz', '', '1970-06-10 23:00:00', 1, 0, 1),
(1451, 'Trousdale Gary', '', '1970-06-10 23:00:00', 1, 0, 1),
(1452, 'Tati Jacques', '', '1970-06-10 23:00:00', 1, 0, 1),
(1453, 'Tornatore Giuseppe', '', '1970-06-10 23:00:00', 1, 0, 1),
(1454, 'Tartakovsky Genndy', '', '1970-06-10 23:00:00', 1, 0, 1),
(1455, 'Tappe Holger', '', '1970-06-10 23:00:00', 1, 0, 1),
(1456, 'Toro Guillermo', '', '1970-06-10 23:00:00', 1, 0, 1),
(1457, 'Thornley Wayne', '', '1970-06-10 23:00:00', 1, 0, 1),
(1458, 'Thornton Warwick', '', '1970-06-10 23:00:00', 1, 0, 1),
(1459, 'Taylor-Johnson Sam', '', '1970-06-10 23:00:00', 1, 0, 1),
(1460, 'Tym Stanisław', '', '1970-06-10 23:00:00', 1, 0, 1),
(1461, 'Tykwer Tom', '', '1970-06-10 23:00:00', 1, 0, 1),
(1462, 'Taylor Tate', '', '1970-06-10 23:00:00', 1, 0, 1),
(1463, 'Tiddes Michael', '', '1970-06-10 23:00:00', 1, 0, 1),
(1464, 'Trachtenberg Dan', '', '1970-06-10 23:00:00', 1, 0, 1),
(1465, 'Tiernan Greg', '', '1970-06-10 23:00:00', 1, 0, 1),
(1466, 'Tsitsilin Aleksey', '', '1970-06-10 23:00:00', 1, 0, 1),
(1467, 'Travis Pete', '', '1970-06-10 23:00:00', 1, 0, 1),
(1468, 'Thurmeier Mike', '', '1970-06-10 23:00:00', 1, 0, 1),
(1469, 'Tyldum Morten', '', '1970-06-10 23:00:00', 1, 0, 1),
(1470, 'Tatopoulos Patrick', '', '1970-06-10 23:00:00', 1, 0, 1),
(1471, 'Tibbitt Paul', '', '1970-06-10 23:00:00', 1, 0, 1),
(1472, 'Trogi Ricardo', '', '1970-06-10 23:00:00', 1, 0, 1),
(1473, 'Trzaskalski Piotr', '', '1970-06-10 23:00:00', 1, 0, 1),
(1474, 'Tavernier Nils', '', '1970-06-10 23:00:00', 1, 0, 1),
(1475, 'Thurber Rawson', '', '1970-06-10 23:00:00', 1, 0, 1),
(1476, 'Tarantino Quentin', '', '1970-06-10 23:00:00', 1, 0, 1),
(1477, 'Trier Lars', '', '1970-06-10 23:00:00', 1, 0, 1),
(1478, 'Tirard Laurent', '', '1970-06-10 23:00:00', 1, 0, 1),
(1479, 'Tarkowski Kuba', '', '1970-06-10 23:00:00', 1, 0, 1),
(1480, 'Tancharoen Kevin', '', '1970-06-10 23:00:00', 1, 0, 1),
(1481, 'Tremaine Jeff', '', '1970-06-10 23:00:00', 1, 0, 1),
(1482, 'Trank Joshua', '', '1970-06-10 23:00:00', 1, 0, 1),
(1483, 'Trank Josh', '', '1970-06-10 23:00:00', 1, 0, 1),
(1484, 'Temple Julien', '', '1970-06-10 23:00:00', 1, 0, 1),
(1485, 'Turteltaub Jon', '', '1970-06-10 23:00:00', 1, 0, 1),
(1486, 'Tandan Loveleen', '', '1970-06-10 23:00:00', 1, 0, 1),
(1487, 'Turturro John', '', '1970-06-10 23:00:00', 1, 0, 1),
(1488, 'Tulleken Jonathan', '', '1970-06-10 23:00:00', 1, 0, 1),
(1489, 'Teplitzky Jonathan', '', '1970-06-10 23:00:00', 1, 0, 1),
(1490, 'Tucker Anand', '', '1970-06-10 23:00:00', 1, 0, 1),
(1491, 'Tsitsilin Alexey', '', '1970-06-10 23:00:00', 1, 0, 1),
(1492, 'Trzos-Rastawiecki Andrzej', '', '1970-06-10 23:00:00', 1, 0, 1),
(1493, 'Traucki Andrew', '', '1970-06-10 23:00:00', 1, 0, 1),
(1494, 'Taylor Alan', '', '1970-06-10 23:00:00', 1, 0, 1),
(1495, 'Toledano Eric', '', '1970-06-10 23:00:00', 1, 0, 1),
(1496, 'Taylor Deane', '', '1970-06-10 23:00:00', 1, 0, 1),
(1497, 'Twohy David', '', '1970-06-10 23:00:00', 1, 0, 1),
(1498, 'Tsirbas Aristomenis', '', '1970-06-10 23:00:00', 1, 0, 1),
(1499, 'Taylor Brian', '', '1970-06-10 23:00:00', 1, 0, 1),
(1500, 'Tennant Andy', '', '1970-06-10 23:00:00', 1, 0, 1),
(1501, 'Thomas Betty', '', '1970-06-10 23:00:00', 1, 0, 1),
(1502, 'Trevorrow Colin', '', '1970-06-10 23:00:00', 1, 0, 1),
(1503, 'Thompson Barnaby', '', '1970-06-10 23:00:00', 1, 0, 1),
(1504, 'Thiessen Jayson', '', '1970-06-10 23:00:00', 1, 0, 1),
(1505, 'Torun Ceyda', '', '1970-06-10 23:00:00', 1, 0, 1),
(1506, 'Tomsic Jeff', '', '1970-06-10 23:00:00', 1, 0, 1),
(1507, 'Tsitsilin Aleksiej', '', '1970-06-10 23:00:00', 1, 0, 1),
(1508, 'Tosti Eric', '', '1970-06-10 23:00:00', 1, 0, 1),
(1509, 'Taylor Mark', '', '1970-06-10 23:00:00', 1, 0, 1),
(1510, 'Takal Sophia', '', '1970-06-10 23:00:00', 1, 0, 1),
(1511, 'Taymor Julie', '', '1970-06-10 23:00:00', 1, 0, 1),
(1512, 'Timbers Alex', '', '1970-06-10 23:00:00', 1, 0, 1),
(1513, 'Uthaug Roar', '', '1970-06-10 23:00:00', 1, 0, 1),
(1514, 'Unkrich Lee', '', '1970-06-10 23:00:00', 1, 0, 1),
(1515, 'Verbinski Gore', '', '1970-06-10 23:00:00', 1, 0, 1),
(1516, 'Vikene Gunnar', '', '1970-06-10 23:00:00', 1, 0, 1),
(1517, 'Venokur Ross', '', '1970-06-10 23:00:00', 1, 0, 1),
(1518, 'Vang Burlee', '', '1970-06-10 23:00:00', 1, 0, 1),
(1519, 'Vang Abel', '', '1970-06-10 23:00:00', 1, 0, 1),
(1520, 'Verhoeven Paul', '', '1970-06-10 23:00:00', 1, 0, 1),
(1521, 'Vaughan Tom', '', '1970-06-10 23:00:00', 1, 0, 1),
(1522, 'Vuorensola Timo', '', '1970-06-10 23:00:00', 1, 0, 1),
(1523, 'Vinterberg Thomas', '', '1970-06-10 23:00:00', 1, 0, 1),
(1524, 'Vega Patryk', '', '1970-06-10 23:00:00', 1, 0, 1),
(1525, 'Vaughn Matthew', '', '1970-06-10 23:00:00', 1, 0, 1),
(1526, 'Vanier Nicolas', '', '1970-06-10 23:00:00', 1, 0, 1),
(1527, 'Valle Jean-Marc', '', '1970-06-10 23:00:00', 1, 0, 1),
(1528, 'Van Marina', '', '1970-06-10 23:00:00', 1, 0, 1),
(1529, 'Vogt-Roberts Jordan', '', '1970-06-10 23:00:00', 1, 0, 1),
(1530, 'Valette Eric', '', '1970-06-10 23:00:00', 1, 0, 1),
(1531, 'Vargas Francisco', '', '1970-06-10 23:00:00', 1, 0, 1),
(1532, 'Villeneuve Denis', '', '1970-06-10 23:00:00', 1, 0, 1),
(1533, 'Vernon Conrad', '', '1970-06-10 23:00:00', 1, 0, 1),
(1534, 'Vita Christian', '', '1970-06-10 23:00:00', 1, 0, 1),
(1535, 'Virzi Paolo', '', '1970-06-10 23:00:00', 1, 0, 1),
(1536, 'Vrysellas Dimos', '', '1970-06-10 23:00:00', 1, 0, 1),
(1537, 'Valchanov Petar', '', '1970-06-10 23:00:00', 1, 0, 1),
(1538, 'Welchman Hugh', '', '1970-06-10 23:00:00', 1, 0, 1),
(1539, 'Wernick Will', '', '1970-06-10 23:00:00', 1, 0, 1),
(1540, 'White Sylvain', '', '1970-06-10 23:00:00', 1, 0, 1),
(1541, 'Winick Gary', '', '1970-06-10 23:00:00', 1, 0, 1),
(1542, 'Wilson Hugh', '', '1970-06-10 23:00:00', 1, 0, 1),
(1543, 'Weiland Hubert', '', '1970-06-10 23:00:00', 1, 0, 1),
(1544, 'Wolfe George', '', '1970-06-10 23:00:00', 1, 0, 1),
(1545, 'Wyrypajew Iwan', '', '1970-06-10 23:00:00', 1, 0, 1),
(1546, 'Wojcik-Slak Hanna', '', '1970-06-10 23:00:00', 1, 0, 1),
(1547, 'Wan James', '', '1970-06-10 23:00:00', 1, 0, 1),
(1548, 'Watkins James', '', '1970-06-10 23:00:00', 1, 0, 1),
(1549, 'Wong James', '', '1970-06-10 23:00:00', 1, 0, 1),
(1550, 'Wiszniewski Tomasz', '', '1970-06-10 23:00:00', 1, 0, 1),
(1551, 'Wasilewski Tomasz', '', '1970-06-10 23:00:00', 1, 0, 1),
(1552, 'Wirkola Tommy', '', '1970-06-10 23:00:00', 1, 0, 1),
(1553, 'Wall Trevor', '', '1970-06-10 23:00:00', 1, 0, 1),
(1554, 'Wawszczyk Wojtek', '', '1970-06-10 23:00:00', 1, 0, 1),
(1555, 'Wójcik Wojciech', '', '1970-06-10 23:00:00', 1, 0, 1),
(1556, 'Wenders Wim', '', '1970-06-10 23:00:00', 1, 0, 1),
(1557, 'Watts Jon', '', '1970-06-10 23:00:00', 1, 0, 1),
(1558, 'White Susanna', '', '1970-06-10 23:00:00', 1, 0, 1),
(1559, 'White Stiles', '', '1970-06-10 23:00:00', 1, 0, 1),
(1560, 'Wyatt Rupert', '', '1970-06-10 23:00:00', 1, 0, 1),
(1561, 'Wexler Tanya', '', '1970-06-10 23:00:00', 1, 0, 1),
(1562, 'Wichrowski Robert', '', '1970-06-10 23:00:00', 1, 0, 1),
(1563, 'Wilderman Todd', '', '1970-06-10 23:00:00', 1, 0, 1),
(1564, 'Williams Tod', '', '1970-06-10 23:00:00', 1, 0, 1),
(1565, 'Wells Simon', '', '1970-06-10 23:00:00', 1, 0, 1),
(1566, 'West Simon', '', '1970-06-10 23:00:00', 1, 0, 1),
(1567, 'Waugh Scott', '', '1970-06-10 23:00:00', 1, 0, 1),
(1568, 'Winocour Alice', '', '1970-06-10 23:00:00', 1, 0, 1),
(1569, 'Waititi Taika', '', '1970-06-10 23:00:00', 1, 0, 1),
(1570, 'Więcek Artur', '', '1970-06-10 23:00:00', 1, 0, 1),
(1571, 'Warchus Matthew', '', '1970-06-10 23:00:00', 1, 0, 1),
(1572, 'Weitz Paul', '', '1970-06-10 23:00:00', 1, 0, 1),
(1573, 'Winterbottom Michael', '', '1970-06-10 23:00:00', 1, 0, 1),
(1574, 'Weiland Paul', '', '1970-06-10 23:00:00', 1, 0, 1),
(1575, 'Weir Peter', '', '1970-06-10 23:00:00', 1, 0, 1),
(1576, 'Weide Robert', '', '1970-06-10 23:00:00', 1, 0, 1),
(1577, 'Wels Nina', '', '1970-06-10 23:00:00', 1, 0, 1),
(1578, 'Wieczyński Rafał', '', '1970-06-10 23:00:00', 1, 0, 1),
(1579, 'Wallace Randall', '', '1970-06-10 23:00:00', 1, 0, 1),
(1580, 'Wereśniak Piotr', '', '1970-06-10 23:00:00', 1, 0, 1),
(1581, 'Wingard Adam', '', '1970-06-10 23:00:00', 1, 0, 1),
(1582, 'Wajda Andrzej', '', '1970-06-10 23:00:00', 1, 0, 1),
(1583, 'Waddington Andrucha', '', '1970-06-10 23:00:00', 1, 0, 1),
(1584, 'Wachowski Andy', '', '1970-06-10 23:00:00', 1, 0, 1),
(1585, 'Wieczur-Bluszcz Anna', '', '1970-06-10 23:00:00', 1, 0, 1),
(1586, 'Webb Bruce', '', '1970-06-10 23:00:00', 1, 0, 1),
(1587, 'Williams Chris', '', '1970-06-10 23:00:00', 1, 0, 1),
(1588, 'Weitz Chris', '', '1970-06-10 23:00:00', 1, 0, 1),
(1589, 'Wedge Chris', '', '1970-06-10 23:00:00', 1, 0, 1),
(1590, 'Wright Edgar', '', '1970-06-10 23:00:00', 1, 0, 1),
(1591, 'Wachowski Larry', '', '1970-06-10 23:00:00', 1, 0, 1),
(1592, 'Wright Joe', '', '1970-06-10 23:00:00', 1, 0, 1),
(1593, 'Wachowski Lana', '', '1970-06-10 23:00:00', 1, 0, 1),
(1594, 'Whannell Leigh', '', '1970-06-10 23:00:00', 1, 0, 1),
(1595, 'Wiseman Len', '', '1970-06-10 23:00:00', 1, 0, 1),
(1596, 'Weintrob Jed', '', '1970-06-10 23:00:00', 1, 0, 1),
(1597, 'Wadlow Jeff', '', '1970-06-10 23:00:00', 1, 0, 1),
(1598, 'Wise Kirk', '', '1970-06-10 23:00:00', 1, 0, 1),
(1599, 'Wrona Marcin', '', '1970-06-10 23:00:00', 1, 0, 1),
(1600, 'Whedon Joss', '', '1970-06-10 23:00:00', 1, 0, 1),
(1601, 'Wong Kar', '', '1970-06-10 23:00:00', 1, 0, 1),
(1602, 'Waters Mark', '', '1970-06-10 23:00:00', 1, 0, 1),
(1603, 'Wright Jon', '', '1970-06-10 23:00:00', 1, 0, 1),
(1604, 'Whitesell John', '', '1970-06-10 23:00:00', 1, 0, 1),
(1605, 'Wells John', '', '1970-06-10 23:00:00', 1, 0, 1),
(1606, 'Webb Marc', '', '1970-06-10 23:00:00', 1, 0, 1),
(1607, 'Wojtyszko Maciej', '', '1970-06-10 23:00:00', 1, 0, 1),
(1608, 'Wain David', '', '1970-06-10 23:00:00', 1, 0, 1),
(1609, 'Woodley Aaron', '', '1970-06-10 23:00:00', 1, 0, 1),
(1610, 'Walusiak Dariusz', '', '1970-06-10 23:00:00', 1, 0, 1),
(1611, 'Walter Susan', '', '1970-06-10 23:00:00', 1, 0, 1),
(1612, 'Wang Gary', '', '1970-06-10 23:00:00', 1, 0, 1),
(1613, 'Widmyer Dennis', '', '1970-06-10 23:00:00', 1, 0, 1),
(1614, 'Wilde Olivia', '', '1970-06-10 23:00:00', 1, 0, 1),
(1615, 'Wolf Fred', '', '1970-06-10 23:00:00', 1, 0, 1),
(1616, 'Waugh Ric', '', '1970-06-10 23:00:00', 1, 0, 1),
(1617, 'Woods Bryan', '', '1970-06-10 23:00:00', 1, 0, 1),
(1618, 'Wilczyński Mariusz', '', '1970-06-10 23:00:00', 1, 0, 1),
(1619, 'Welsierre Nina', '', '1970-06-10 23:00:00', 1, 0, 1),
(1620, 'Welker Regina', '', '1970-06-10 23:00:00', 1, 0, 1),
(1621, 'Wilson Dave', '', '1970-06-10 23:00:00', 1, 0, 1),
(1622, 'Wilde Autumn', '', '1970-06-10 23:00:00', 1, 0, 1),
(1623, 'Wnuk Michał', '', '1970-06-10 23:00:00', 1, 0, 1),
(1624, 'Węgrzyn Michał', '', '1970-06-10 23:00:00', 1, 0, 1),
(1625, 'Wincour Alice', '', '1970-06-10 23:00:00', 1, 0, 1),
(1626, 'Wang Lulu', '', '1970-06-10 23:00:00', 1, 0, 1),
(1627, 'Young Emily', '', '1970-06-10 23:00:00', 1, 0, 1),
(1628, 'Yates David', '', '1970-06-10 23:00:00', 1, 0, 1),
(1629, 'Yimou Zhang', '', '1970-06-10 23:00:00', 1, 0, 1),
(1630, 'Yaroveski David', '', '1970-06-10 23:00:00', 1, 0, 1),
(1631, 'Yan Cathy', '', '1970-06-10 23:00:00', 1, 0, 1),
(1632, 'Youn Michael', '', '1970-06-10 23:00:00', 1, 0, 1),
(1633, 'Yeatman Hoyt', '', '1970-06-10 23:00:00', 1, 0, 1),
(1634, 'Yair Matan', '', '1970-06-10 23:00:00', 1, 0, 1),
(1635, 'Yuh Jennifer', '', '1970-06-10 23:00:00', 1, 0, 1),
(1636, 'Zglinski Greg', '', '1970-06-10 23:00:00', 1, 0, 1),
(1637, 'Zwart Harald', '', '1970-06-10 23:00:00', 1, 0, 1),
(1638, 'Zaorski Janusz', '', '1970-06-10 23:00:00', 1, 0, 1),
(1639, 'Zieliński Jerzy', '', '1970-06-10 23:00:00', 1, 0, 1),
(1640, 'Zada Jason', '', '1970-06-10 23:00:00', 1, 0, 1),
(1641, 'Zatorski Ryszard', '', '1970-06-10 23:00:00', 1, 0, 1),
(1642, 'Zemeckis Robert', '', '1970-06-10 23:00:00', 1, 0, 1),
(1643, 'Zhao Ben', '', '1970-06-10 23:00:00', 1, 0, 1),
(1644, 'Zalewski Jerzy', '', '1970-06-10 23:00:00', 1, 0, 1),
(1645, 'Zylber Filip', '', '1970-06-10 23:00:00', 1, 0, 1),
(1646, 'Zduńczyk Daniel', '', '1970-06-10 23:00:00', 1, 0, 1),
(1647, 'Zombie Rob', '', '1970-06-10 23:00:00', 1, 0, 1),
(1648, 'Zwiagincew Andriej', '', '1970-06-10 23:00:00', 1, 0, 1),
(1649, 'Zeitlin Benh', '', '1970-06-10 23:00:00', 1, 0, 1),
(1650, 'Zanussi Krzysztof', '', '1970-06-10 23:00:00', 1, 0, 1),
(1651, 'Zenovich Marina', '', '1970-06-10 23:00:00', 1, 0, 1),
(1652, 'Zackham Justin', '', '1970-06-10 23:00:00', 1, 0, 1),
(1653, 'Zwick Edward', '', '1970-06-10 23:00:00', 1, 0, 1),
(1654, 'Ziębiński Marcin', '', '1970-06-10 23:00:00', 1, 0, 1),
(1655, 'Zobel Craig', '', '1970-06-10 23:00:00', 1, 0, 1),
(1656, 'Zeller Florian', '', '1970-06-10 23:00:00', 1, 0, 1),
(1657, 'Zbieranek Krzysztof', '', '1970-06-10 23:00:00', 1, 0, 1),
(1658, 'Żuławski Xawery', '', '1970-06-10 23:00:00', 1, 0, 1),
(1659, 'Żamojda Jarosław', '', '1970-06-10 23:00:00', 1, 0, 1),
(1660, 'Żak Maciej', '', '1970-06-10 23:00:00', 1, 0, 1),
(1661, 'Aja Alexandre', '', '1970-06-10 23:00:00', 1, 0, 1),
(1662, 'Adamson Andrew', '', '1970-06-10 23:00:00', 1, 0, 1),
(1663, 'Ade Maren', '', '1970-06-10 23:00:00', 1, 0, 1),
(1664, 'Arnold Andrea', '', '1970-06-10 23:00:00', 1, 0, 1),
(1665, 'Ayer David', '', '1970-06-10 23:00:00', 1, 0, 1),
(1666, 'Aronofsky Darren', '', '1970-06-10 23:00:00', 1, 0, 1),
(1667, 'Akin Fatih', '', '1970-06-10 23:00:00', 1, 0, 1),
(1668, 'Aranoa Fernando', '', '1970-06-10 23:00:00', 1, 0, 1),
(1669, 'Alvarez Fede', '', '1970-06-10 23:00:00', 1, 0, 1),
(1670, 'Aljinovic Boris', '', '1970-06-10 23:00:00', 1, 0, 1),
(1671, 'Affleck Ben', '', '1970-06-10 23:00:00', 1, 0, 1),
(1672, 'Anderson Wes', '', '1970-06-10 23:00:00', 1, 0, 1),
(1673, 'Allen Woody', '', '1970-06-10 23:00:00', 1, 0, 1),
(1674, 'Antoniak Urszula', '', '1970-06-10 23:00:00', 1, 0, 1),
(1675, 'Aster Ari', '', '1970-06-10 23:00:00', 1, 0, 1),
(1676, 'Azeev Victor', '', '1970-06-10 23:00:00', 1, 0, 1),
(1677, 'Akina Sam', '', '1970-06-10 23:00:00', 1, 0, 1),
(1678, 'Astier Alexandre', '', '1970-06-10 23:00:00', 1, 0, 1),
(1679, 'Audiard Jacques', '', '1970-06-10 23:00:00', 1, 0, 1),
(1680, 'Addison Chris', '', '1970-06-10 23:00:00', 1, 0, 1),
(1681, 'Aselton Matt', '', '1970-06-10 23:00:00', 1, 0, 1),
(1682, 'Alonso Ángel', '', '1970-06-10 23:00:00', 1, 0, 1),
(1683, 'Anuszewski Kacper', '', '1970-06-10 23:00:00', 1, 0, 1),
(1684, 'Arbi Adil', '', '1970-06-10 23:00:00', 1, 0, 1),
(1685, 'Adamczyk Wojciech', '', '1970-06-10 23:00:00', 1, 0, 1),
(1686, 'Augustyniak Magdalena', '', '1970-06-10 23:00:00', 1, 0, 1),
(1687, 'Annable Graham', '', '1970-06-10 23:00:00', 1, 0, 1),
(1688, 'Amini Hossein', '', '1970-06-10 23:00:00', 1, 0, 1),
(1689, 'Arriaga Guillermo', '', '1970-06-10 23:00:00', 1, 0, 1),
(1690, 'Anderson Stephen', '', '1970-06-10 23:00:00', 1, 0, 1),
(1691, 'Allers Roger', '', '1970-06-10 23:00:00', 1, 0, 1),
(1692, 'Antin Steven', '', '1970-06-10 23:00:00', 1, 0, 1),
(1693, 'Amin Shimit', '', '1970-06-10 23:00:00', 1, 0, 1),
(1694, 'Anand Siddharth', '', '1970-06-10 23:00:00', 1, 0, 1),
(1695, 'Ali Shaad', '', '1970-06-10 23:00:00', 1, 0, 1),
(1696, 'Alfredson Tomas', '', '1970-06-10 23:00:00', 1, 0, 1),
(1697, 'Anders Sean', '', '1970-06-10 23:00:00', 1, 0, 1),
(1698, 'Almodóvar Pedro', '', '1970-06-10 23:00:00', 1, 0, 1),
(1699, 'Apted Michael', '', '1970-06-10 23:00:00', 1, 0, 1),
(1700, 'Alessandrin Patrick', '', '1970-06-10 23:00:00', 1, 0, 1),
(1701, 'Anderson Paul', '', '1970-06-10 23:00:00', 1, 0, 1),
(1702, 'Anderson Paul', '', '1970-06-10 23:00:00', 1, 0, 1),
(1703, 'Assayas Olivier', '', '1970-06-10 23:00:00', 1, 0, 1),
(1704, 'Adetuyi Robert', '', '1970-06-10 23:00:00', 1, 0, 1),
(1705, 'Antal Nimród', '', '1970-06-10 23:00:00', 1, 0, 1),
(1706, 'Angerman Przemek', '', '1970-06-10 23:00:00', 1, 0, 1),
(1707, 'Arcel Nikolay', '', '1970-06-10 23:00:00', 1, 0, 1),
(1708, 'Anderson Paul', '', '1970-06-10 23:00:00', 1, 0, 1),
(1709, 'Abu-Assad Hany', '', '1970-06-10 23:00:00', 1, 0, 1),
(1710, 'Alatriste Rodolfo', '', '1970-06-10 23:00:00', 1, 0, 1),
(1711, 'Alatriste Gabriel', '', '1970-06-10 23:00:00', 1, 0, 1),
(1712, 'Aniello Lucia', '', '1970-06-10 23:00:00', 1, 0, 1),
(1713, 'Albrecht Alicja', '', '1970-06-10 23:00:00', 1, 0, 1),
(1714, 'Alaux David', '', '1970-06-10 23:00:00', 1, 0, 1),
(1715, 'Andersen John', '', '1970-06-10 23:00:00', 1, 0, 1),
(1716, 'Azuelos Lisa', '', '1970-06-10 23:00:00', 1, 0, 1),
(1717, 'Abrahamson Lenny', '', '1970-06-10 23:00:00', 1, 0, 1),
(1718, 'Adamik Kasia', '', '1970-06-10 23:00:00', 1, 0, 1),
(1719, 'Adamik Katarzyna', '', '1970-06-10 23:00:00', 1, 0, 1),
(1720, 'Asbury Kelly', '', '1970-06-10 23:00:00', 1, 0, 1),
(1721, 'Andersen Kresten', '', '1970-06-10 23:00:00', 1, 0, 1),
(1722, 'Aksinowicz Konrad', '', '1970-06-10 23:00:00', 1, 0, 1),
(1723, 'Apatow Judd', '', '1970-06-10 23:00:00', 1, 0, 1),
(1724, 'Avery Julius', '', '1970-06-10 23:00:00', 1, 0, 1),
(1725, 'Andrews Mark', '', '1970-06-10 23:00:00', 1, 0, 1),
(1726, 'Avnet Jon', '', '1970-06-10 23:00:00', 1, 0, 1),
(1727, 'Akerlund Jonas', '', '1970-06-10 23:00:00', 1, 0, 1),
(1728, 'Justin Lin', '', '1971-10-10 23:00:00', 172, 7, 1),
(1729, 'Cate Shortland', '', '0000-00-00 00:00:00', 172, 9, 1),
(1730, 'Piotr Mularuk', '', '0000-00-00 00:00:00', 172, 10, 1),
(1731, 'Michael Chaves', '', '2021-05-31 22:00:00', 223, 12, 1),
(1732, 'Darren Lynn', '', '1979-01-10 23:00:00', 223, 14, 1),
(1733, 'Thomas Vinterberg', '', '0000-00-00 00:00:00', 57, 15, 1),
(1734, 'Kim Hagen', '', '0000-00-00 00:00:00', 57, 16, 1),
(1735, 'Alex Timbers', '', '1978-08-06 22:00:00', 223, NULL, 1),
(1736, 'Tim Story', '', '1970-03-12 23:00:00', 223, 18, 1),
(1737, 'Will Gluck', '', '1978-05-31 22:00:00', 223, 19, 1),
(1738, 'Chris Sanders', '', '1974-06-27 23:00:00', 223, NULL, 1),
(1739, 'Marit Moum', '', '0000-00-00 00:00:00', 160, 22, 1),
(1740, 'Marcin Sauter', '', '1982-06-15 22:00:00', 172, NULL, 1),
(1741, 'John Krasinski', '', '1979-10-19 23:00:00', 223, 24, 1);

-- --------------------------------------------------------

--
-- Struktura tabeli dla tabeli `director_picture`
--

CREATE TABLE `director_picture` (
  `id` int(11) NOT NULL,
  `name` varchar(512) NOT NULL,
  `url` varchar(512) NOT NULL
) ENGINE=InnoDB DEFAULT CHARSET=utf8;

--
-- Zrzut danych tabeli `director_picture`
--

INSERT INTO `director_picture` (`id`, `name`, `url`) VALUES
(7, 'images.jpg', 'd5b5e0b51f93f024ff1bf677091f2946.jpg'),
(8, '5b47e7eea2ef46262c0081b4_cate-shortland-black-widow-director.jpg', 'c93392fa757941e91bd04fd95d49facc.jpg'),
(9, 'gettyimages-635259486.jpg', '507738ea816aba1f22d9cb97a90ea716.jpg'),
(10, 'piotr-mularuk.jpg', '7562396a8fecddbc94cc58e1d43eeff2.jpg'),
(11, 'Darren-Lynn-750x421.jpg', 'd537290691fd89c0c40e044e647d6cb2.jpg'),
(12, '211528984.jpg', 'a3adff8338ca69b0384e15ee02c6977c.jpg'),
(13, 'Darren-Lynn-750x421.jpg', 'ee2cd309e84b262a7fae9ce23feb6d97.jpg'),
(14, 'image-w856.webp', 'f48db42781ea9cdf38947703227bbb03.webp'),
(15, 'licensed-image.jpg', 'b47d18811bf6d19519a5d58d14e2a9b6.jpg'),
(16, '4816162bmDFhMY.jpg', 'e7ac9be8fc6b7f63001dd15805d2f89c.jpg'),
(17, 'images (1).jpg', '5e04b7acbc0ab0b49869d09726e9db69.jpg'),
(18, '193844_v9_bb.jpg', '95cba04746bc11ce41c7ff3fe7e12f4e.jpg'),
(19, 'pobrane (2).jpg', '7665f21d422b9e7e1d15e6da847e552c.jpg'),
(20, 'marit-moum-aune-9179-1920x1080.jpg', 'a377fcf3b707cdcfa7e8327562ab4e7d.jpg'),
(21, 'marit-moum-aune-9225-1920x1080.jpg', 'eff37e4c45362e96087c2dc3363d5fc4.jpg'),
(22, 'peergynt2019_marit_7253-e1556212593476-640x480-c-default.jpg', '0e488ed9a542249e6a33036ce3f8883b.jpg'),
(23, '450299.2.jpg', 'eed5d33bedfe629073ba954fe5085148.jpg'),
(24, 'john-krasinski.jpg', 'e8ff4b902f73d610d95d4459ac8048b9.jpg');

-- --------------------------------------------------------

--
-- Struktura tabeli dla tabeli `genre`
--

CREATE TABLE `genre` (
  `id` int(11) NOT NULL,
  `name` varchar(64) NOT NULL
) ENGINE=InnoDB DEFAULT CHARSET=utf8;

--
-- Zrzut danych tabeli `genre`
--

INSERT INTO `genre` (`id`, `name`) VALUES
(1, 'Film akcji'),
(2, 'Film animowany'),
(3, 'Film biograficzny'),
(4, 'Film dla dzieci'),
(5, 'Film dla młodzieży'),
(6, 'Film dokumentalny'),
(7, 'Film dramatyczny'),
(8, 'Film edukacyjny'),
(9, 'Film erotyczny'),
(10, 'Film familijny'),
(11, 'Film historyczny'),
(12, 'Film katastroficzny'),
(13, 'Film komediowy'),
(14, 'Film kryminalny'),
(15, 'Film muzyczny'),
(16, 'Film Noir'),
(17, 'Film obyczajowy'),
(18, 'Film poetycki'),
(19, 'Film polityczny'),
(20, 'Film pornograficzny'),
(21, 'Film prawniczy'),
(22, 'Film przygodowy'),
(23, 'Film przyrodniczy'),
(24, 'Film psychologiczny'),
(25, 'Film religijny'),
(26, 'Film romantyczny'),
(27, 'Film sensacyjny'),
(28, 'Film sportowy'),
(29, 'Film surrealistyczny'),
(30, 'Film sztuki walki'),
(31, 'Thriller'),
(32, 'Western'),
(33, 'Film wojenny'),
(35, 'Horror');

-- --------------------------------------------------------

--
-- Struktura tabeli dla tabeli `hall`
--

CREATE TABLE `hall` (
  `id` int(11) NOT NULL,
  `name` varchar(64) NOT NULL,
  `description` mediumtext NOT NULL,
  `size_x` int(11) NOT NULL,
  `size_y` int(11) NOT NULL,
  `status` int(11) NOT NULL DEFAULT '1'
) ENGINE=InnoDB DEFAULT CHARSET=utf8;

--
-- Zrzut danych tabeli `hall`
--

INSERT INTO `hall` (`id`, `name`, `description`, `size_x`, `size_y`, `status`) VALUES
(1, 'Sala 1', '', 20, 10, 0),
(2, 'Sala 1', '', 20, 14, 1),
(3, 'Sala 3', '', 14, 10, 1),
(4, 'Sala 2', '', 18, 10, 1);

-- --------------------------------------------------------

--
-- Struktura tabeli dla tabeli `movie`
--

CREATE TABLE `movie` (
  `id` int(11) NOT NULL,
  `title` varchar(128) NOT NULL,
  `description` mediumtext NOT NULL,
  `required_age` int(11) NOT NULL,
  `premiere_date` timestamp NOT NULL,
  `duration` int(11) NOT NULL,
  `genre` int(11) NOT NULL,
  `production_country` int(11) NOT NULL,
  `director` int(11) NOT NULL,
  `additional_info` mediumtext NOT NULL,
  `poster_url` int(11) NOT NULL,
  `status` int(11) NOT NULL DEFAULT '1'
) ENGINE=InnoDB DEFAULT CHARSET=utf8;

--
-- Zrzut danych tabeli `movie`
--

INSERT INTO `movie` (`id`, `title`, `description`, `required_age`, `premiere_date`, `duration`, `genre`, `production_country`, `director`, `additional_info`, `poster_url`, `status`) VALUES
(1, 'Szybcy i wściekli 9', '<p>Dominic (Vin Diesel) prowadzi spokojne życie z Letty (Michelle Rodriguez) i ze swoim synem Brianem. Jednak nadal czyhają na niego r&oacute;żne niebezpieczeństwa. Tym razem Dominic będzie musiał zmierzyć się z duchami własnej przeszłości. Jego ekipa zn&oacute;w połączy siły, żeby pokonać wroga - doskonałego kierowcę Jacoba Toretto (John Cena), kt&oacute;ry jest bratem Dominica skł&oacute;conym z nim od wielu lat.</p>', 13, '2021-06-24 22:00:00', 143, 1, 223, 1728, '', 1, 1),
(2, 'Czarna Wdowa', '<p>Scarlett Johansson po raz ostatni wciela się w superagentkę T.A.R.C.Z.Y. Film umiejscowiono między wydarzeniami z \"Kapitan Ameryka: Wojna bohater&oacute;w\" i \"Avengers: Wojna bez granic\". Czarna Wdowa, czyli Natasha Romanoff postanawia zbadać własną przeszłość i wyr&oacute;wnać stare rachunki. Na jej drodze staje tajemniczy Taskmaster...</p>', 12, '2021-07-08 22:00:00', 134, 1, 223, 1729, '', 2, 1),
(3, 'W JAK MORDERSTWO', '<p>&bdquo;W jak morderstwo&rdquo; to trzymający w napięciu kryminał spod znaku Agaty Christie i komedia obyczajowa w jednym. Magda, kt&oacute;ra dawno porzuciła karierę na rzecz rodziny, mieszka w podwarszawskiej Podkowie Leśnej, Mieście-Ogrodzie. Pewnego wieczoru przypadkowo odkrywa w parku ciało zamordowanej kobiety. Denatka ma na szyi wisiorek w kształcie litery &bdquo;W&rdquo; &ndash; identyczny, jak ten należący do jej dawno zaginionej przyjaci&oacute;łki, Weroniki. W tle morderstwa przewijają się znane nazwiska biznesmena i kandydata na senatora. Oficjalne śledztwo prowadzi komisarz Jacek Sikora, dawny przyjaciel Magdy, kiedyś w niej zakochany.</p>', 13, '2021-06-17 22:00:00', 109, 13, 172, 1730, '', 3, 1),
(4, 'OBECNOŚĆ 3: NA ROZKAZ DIABŁA', '<div class=\"details__synopsis\">\n<p>Obecność 3: Na rozkaz diabła to budząca grozę historia przerażającego morderstwa i nieznanych złych mocy. Wstrząsnęła ona nawet doświadczonymi badaczami spraw paranormalnych Edem i Lorraine Warrenami. Ten jeden z najbardziej zdumiewających przypadk&oacute;w w ich karierze zaczyna się od walki o duszę młodego chłopca. Wkr&oacute;tce małżeństwo staje w obliczu czegoś, z czym jeszcze nie miało do czynienia. Dochodzi do bezprecedensowego procesu. Po raz pierwszy w historii Stan&oacute;w Zjednoczonych podejrzany o morderstwo broni się, twierdząc, że był opętany przez demona.</p>\n</div>', 15, '2021-06-10 22:00:00', 112, 35, 223, 1731, '', 4, 1),
(5, 'NA RAUSZU', '<div class=\"details__synopsis\">\n<p>Ten eksperyment to jazda bez trzymanki! &bdquo;Na rauszu&rdquo; opowiada historię grupy przyjaci&oacute;ł, nauczycieli szkoły średniej, zainspirowanych teorią, że skromna dawka czegoś mocniejszego pozwala otworzyć się na świat i lepiej w nim funkcjonować.</p>\n</div>', 15, '2021-06-10 22:00:00', 117, 7, 57, 1733, '', 5, 1),
(6, 'Spirala: nowy rozdział serii \"Piła\"', '<p>Pozostający od lat w cieniu swego słynnego ojca, weterana wydziału zab&oacute;jstw, detektyw Ezekiel &bdquo;Zeke&rdquo; Banks i jego nowy policyjny partner prowadzą śledztwo w sprawie sadystycznych morderstw, kt&oacute;re przypominają serię krwawych zbrodni sprzed lat. Przekonany o swojej przenikliwości Zeke, nie zdaje sobie sprawy, że krok po kroku daje się wciągnąć w wyszukaną i przemyślaną grę. W szalonym umyśle mordercy zrodził się plan tak okrutny, że nawet policyjni weterani nie wyobrażają sobie tego, co nadchodzi&hellip;</p>', 15, '2021-06-17 22:00:00', 94, 35, 223, 1732, '', 6, 0),
(7, 'LUCA', '<div class=\"details__synopsis\">\n<p>Pełen niezwykłych przyg&oacute;d film opowiada o dorastaniu dw&oacute;jki przyjaci&oacute;ł mieszkającymi w pięknym nadmorskim miasteczku na Riwierze Włoskiej. Chłopcy wsp&oacute;lnie przeżywają niezapomniany letni czas, kt&oacute;ry upływa im na niekończących się przejażdżkach na skuterze i delektowaniu się lodami. Jednak ich beztroską zabawę może w każdej chwili zepsuć ujawnienie głęboko skrywanego sekretu. Obaj są potworami morskimi z innego świata znajdującego się tuż pod powierzchnią wody.</p>\n</div>', 0, '2021-06-17 22:00:00', 95, 2, 223, 310, '', 7, 1),
(8, 'Skąd się biorą sny', '<p>Spokojne życie Minny komplikuje się, kiedy poznaje swoją przyrodnią siostrę Jenny a ich ojciec postanawia, że zamieszkają wszyscy w jednym domu. Nieznośna dziewczynka daje się we znaki, ale Minna nie zamierza jednak dawać za wygraną i pr&oacute;buje zrobić wszystko, aby pozbyć się małej intruzki. Przypadkowo pewnej magicznej nocy odkrywa niesamowitą krainę, w kt&oacute;rej powstają sny. Poznaje tam zwariowanych konstruktor&oacute;w, kt&oacute;rzy stają się jej przyjaci&oacute;łmi i uczą ją tajnik&oacute;w swojej pracy. Dzięki nim Minna wpada na genialny pomysł. Planuje stworzyć dla siostry sen, kt&oacute;ry wystraszy niesforną dziewczynkę raz na zawsze.</p>', 0, '2021-06-03 22:00:00', 81, 2, 172, 1734, '', 8, 1),
(9, 'CI, KTÓRZY ŻYCZĄ MI ŚMIERCI', '<div class=\"details__synopsis\">\n<p>Nastolatek jest świadkiem morderstwa, za co ściga go dw&oacute;ch zab&oacute;jc&oacute;w. Chłopiec trafia pod opiekę strażaczki, kt&oacute;ra stara się go ochronić zar&oacute;wno przed prześladowcami, jak i pożarem otaczającego ich lasu.</p>\n</div>', 15, '2021-06-17 22:00:00', 100, 31, 223, 1496, '', 9, 1),
(10, 'JEDEN GNIEWNY CZŁOWIEK', '<p>H. pracuje dla firmy, kt&oacute;ra organizuje konwoje i odpowiada za transport setek milion&oacute;w dolar&oacute;w w Los Angeles.</p>', 15, '2021-06-03 22:00:00', 119, 31, 223, 1210, '', 10, 1),
(11, 'CRUELLA', '<div class=\"details__synopsis\">\n<p>&bdquo;Cruella&rdquo; powraca ze znakomitą Emmą Stone w roli gł&oacute;wnej! Nowa produkcja Disneya przedstawia historię o buntowniczych początkach jednej z najbardziej znanych i genialnych filmowych postaci, legendarnej Cruelli de Mon.</p>\n</div>', 13, '2021-05-27 22:00:00', 134, 13, 223, 1735, '', 11, 1),
(12, 'TOM & JERRY', '<div class=\"details__synopsis\">\n<p>Jeden z najbardziej uwielbianych pojedynk&oacute;w w historii powraca w filmie Tima Story&rsquo;ego Tom &amp; Jerry. Jerry obiera sobie za mieszkanie najlepszy hotel w Nowym Jorku w przeddzień mającego się tam odbyć &bdquo;ślubu stulecia&rdquo;. Tym samym zmusza zdesperowaną organizatorkę wesela do zatrudnienia Toma w celu pozbycia się gryzonia. Istna bitwa między kotem a myszą, do kt&oacute;rej dochodzi, może jednak zrujnować jej karierę, ceremonię, a być może nawet sam hotel. Wkr&oacute;tce jednak pojawia się jeszcze większy problem: ot&oacute;ż przeciw całej tr&oacute;jce spiskuje diabolicznie ambitny pracownik. Nowa wielkoekranowa przygoda Toma i Jerry&rsquo;ego to robiąca wrażenie mieszanka klasycznej animacji i gry aktorskiej. Film wyznacza nowy etap w życiu tych słynnych bohater&oacute;w, zmuszając ich do niewyobrażalnego &ndash; podjęcia wsp&oacute;łpracy.</p>\n</div>', 0, '2021-06-10 22:00:00', 101, 2, 223, 1736, '', 12, 1),
(13, 'PIOTRUŚ KRÓLIK 2: NA GIGANCIE', '<p>Ukochany przez wszystkich urwis powraca w komedii &bdquo;Piotruś Kr&oacute;lik 2: Na gigancie&rdquo;. Bea Thomas i kr&oacute;liki stworzyli prowizoryczną rodzinę. I choć Piotruś Kr&oacute;lik bardzo się starał, nie udało mu się pozbyć złej reputacji złośliwca.</p>', 6, '2021-06-17 22:00:00', 93, 1, 14, 1737, '', 13, 1),
(14, 'KRUDOWIE 2: NOWA ERA', '<p>Krudowie potrzebują nowego miejsca do życia. Tak więc pierwsza prehistoryczna rodzina wyrusza w świat w poszukiwaniu bezpieczniejszego miejsca, kt&oacute;re można by nazwać domem. Kiedy odkrywają idylliczny raj otoczony murem, raj kt&oacute;ry spełnia wszystkie ich potrzeby, myślą, że ich problemy zostały rozwiązane&hellip; z wyjątkiem jednej rzeczy. Mieszka tam już inna rodzina: Bettermanowie. Bettermanowie (z naciskiem na &bdquo;better&rdquo;) - ze swoim wyszukanym domkiem na drzewie, niesamowitymi wynalazkami i nawadnianymi hektarami upraw smacznych owoc&oacute;w - znajdują się kilka stopni powyżej Krud&oacute;w na drabinie ewolucyjnej. Kiedy przyjmują Krud&oacute;w jako pierwszych gości na świecie, wkr&oacute;tce narastają napięcia między rodziną jaskiniową a rodziną wsp&oacute;łczesną.</p>', 0, '2021-05-27 22:00:00', 95, 2, 223, 1738, '', 14, 1),
(15, 'SPIRALA: NOWY ROZDZIAŁ SERII \"PIŁA\"', '<p>Pozostający od lat w cieniu swego słynnego ojca, weterana wydziału zab&oacute;jstw, detektyw Ezekiel &bdquo;Zeke&rdquo; Banks i jego nowy policyjny partner prowadzą śledztwo w sprawie sadystycznych morderstw, kt&oacute;re przypominają serię krwawych zbrodni sprzed lat. Przekonany o swojej przenikliwości Zeke, nie zdaje sobie sprawy, że krok po kroku daje się wciągnąć w wyszukaną i przemyślaną grę. W szalonym umyśle mordercy zrodził się plan tak okrutny, że nawet policyjni weterani nie wyobrażają sobie tego, co nadchodzi&hellip;</p>', 15, '2021-06-17 22:00:00', 94, 35, 223, 1732, '', 15, 1),
(16, 'SUPERNOVA', '<div class=\"details__synopsis\">\n<p>Sam i Tusker są razem od ponad 20 lat i kochają się bezgranicznie. Kiedy okazuje się, że niedługo mogą zostać rozdzieleni przez chorobę Tuskera, wyruszają w długą podr&oacute;ż i cieszą się z każdej spędzonej wsp&oacute;lnie chwili. Z każdym kolejnym dniem odkrywają jednak, że podchodzą zupełnie inaczej do tego, co jeszcze przed nimi, a ich związek zostaje wystawiony na najtrudniejszą pr&oacute;bę.</p>\n</div>', 15, '2021-06-24 22:00:00', 94, 7, 75, 1059, '', 16, 1),
(17, 'Kapitan Szablozęby i magiczny diament', '<p>Kapitan Szablozęby i jego załoga poszukują magicznego diamentu, kt&oacute;ry &ndash; jak głosi legenda &ndash; może spełnić każde życzenie. Piraci podejrzewają, że miejsce ukrycia klejnotu znane jest chłopcu o przydomku Paluch. Kiedy porywają go morscy rozb&oacute;jnicy, na pomoc przychodzi mu jego najlepsza przyjaci&oacute;łka, Weronika i w męskim przebraniu zaciąga się na statek Kapitana Szablozębego. Razem przeżyją mn&oacute;stwo niesamowitych przyg&oacute;d, bo na magiczny diament apetyt ma też zły czarownik Maga Khan. Kto pierwszy odnajdzie magiczny skarb i zdobędzie bezcenną moc urzeczywistniania marzeń? Przekonajcie się sami!</p>', 0, '2021-06-24 22:00:00', 82, 2, 160, 1739, '', 18, 1),
(18, 'TOM & JERRY', '<p>Jeden z najbardziej uwielbianych pojedynk&oacute;w w historii powraca w filmie Tima Story&rsquo;ego Tom &amp; Jerry. Jerry obiera sobie za mieszkanie najlepszy hotel w Nowym Jorku w przeddzień mającego się tam odbyć &bdquo;ślubu stulecia&rdquo;. Tym samym zmusza zdesperowaną organizatorkę wesela do zatrudnienia Toma w celu pozbycia się gryzonia. Istna bitwa między kotem a myszą, do kt&oacute;rej dochodzi, może jednak zrujnować jej karierę, ceremonię, a być może nawet sam hotel. Wkr&oacute;tce jednak pojawia się jeszcze większy problem: ot&oacute;ż przeciw całej tr&oacute;jce spiskuje diabolicznie ambitny pracownik. Nowa wielkoekranowa przygoda Toma i Jerry&rsquo;ego to robiąca wrażenie mieszanka klasycznej animacji i gry aktorskiej. Film wyznacza nowy etap w życiu tych słynnych bohater&oacute;w, zmuszając ich do niewyobrażalnego &ndash; podjęcia wsp&oacute;łpracy.</p>', 18, '2021-06-10 22:00:00', 101, 2, 223, 1736, '', 19, 0),
(19, 'MIASTO', '<p>Samotny Detektyw przybywa do miasta, by rozwikłać zagadkę tajemniczego morderstwa. Szybko staje się pionkiem w grze, toczonej między lokalnym gangsterem &ndash; Wielkim, a Profesorem &ndash; tw&oacute;rcą epokowych wynalazk&oacute;w. Sprawy komplikują się jeszcze bardziej, kiedy str&oacute;ż prawa poznaje Piosenkarkę &ndash; obiekt pożądania zar&oacute;wno Profesora, jak i Wielkiego. Wkr&oacute;tce miasto i jego ulice staną się świadkami nieprawdopodobnych wydarzeń, a sam Detektyw odkryje zaskakującą prawdę o samym sobie.</p>', 15, '2021-06-24 22:00:00', 91, 14, 172, 1334, '', 20, 1),
(20, 'Ciche miejsce 2', '<p>W następstwie dramatycznych wydarzeń, kt&oacute;re miały miejsce w domu Abbott&oacute;w, rodzina (Emily Blunt, Millicent Simmonds, Noah Jupe) musi stawić czoła temu, co dzieje się poza domem, temu, jak wygląda teraz świat. Wie, że kluczem do przetrwania jest cisza. Idąc w nieznane, Abbottowie szybko przekonają się, że tajemnicze stworzenia, kt&oacute;re do ataku prowokuje dźwięk, to nie jedyne zagrożenie&hellip;</p>', 15, '2021-06-03 22:00:00', 97, 35, 172, 1741, '', 21, 1);

-- --------------------------------------------------------

--
-- Struktura tabeli dla tabeli `poster`
--

CREATE TABLE `poster` (
  `id` int(11) NOT NULL,
  `name` varchar(512) NOT NULL,
  `url` varchar(512) NOT NULL
) ENGINE=InnoDB DEFAULT CHARSET=utf8;

--
-- Zrzut danych tabeli `poster`
--

INSERT INTO `poster` (`id`, `name`, `url`) VALUES
(1, 'szybcy-i-wsciekli-9_2ad8e39d0c.jpg', '44a5a3c38cec9557518540973c2cc3e4.jpg'),
(2, 'czarna-wdowa-plakat-postac-warstwa_ad530d55ec.jpg', '5d0a7dd9b3d9afa84ef37f57cf830727.jpg'),
(3, 'w-jak-morderstwo-plakat_927b450ed4.jpg', 'effb334c76443b11bb52dfc161cdc83e.jpg'),
(4, 'obecnosc3-plakat_b5d6c72ff6.jpg', 'd3ffb49374e71d5616b5c3b81ef801f2.jpg'),
(5, 'narauszu-oscar-final-patroni_687546f87a.jpg', 'c5305c0475bad54a45d62f342c75880c.jpg'),
(6, 'do-neta-spirala-drk-plakat_bcf926845e.jpg', 'a48a715b29ba7669349ef2dd8c29182e.jpg'),
(7, 'luca-disney-pixar-plakatf_9a3eb10381 (1).jpg', '4f036c1c0d610a8ce41ac6035ec0fbad.jpg'),
(8, 'skad-sie-biora-sny-plakat_d694cfae8b.JPG', '3011c9d5ea7c0abcebd789a57a2c7d17.JPG'),
(9, 'twwmd-plakat-wideo-9x16-cut_0cc98a2a35 (1).jpg', '6389c8dcb0f143531044477ee1405159.jpg'),
(10, 'jeden-gniewny-czlowiek-p_9fd4a180b1.jpg', '99bc459a2155ad958cbafcb71ddffad7.jpg'),
(11, 'cruella-poster_d586d9b288.jpg', '7e41f0ad0ebddc09696be99c8b9a7e5d.jpg'),
(12, 'tj-plakatf_5b8e87d738.jpg', 'dd9134f8f3f1250bd81f74976c0e6e37.jpg'),
(13, 'pr2-plakat-ostateczny_b850a0be09.jpg', '19a25379570e04af8918df7d6b635053.jpg'),
(14, 'krudowie-2-nowa-era-plakat-do-netu-ostateczny_4e3fb1d064.jpg', 'b24d4682aade1157c2c6a3891288fb4e.jpg'),
(15, 'do-neta-spirala-drk-plakat_bcf926845e.jpg', 'd76e12fcd036ee26e3b5ffa1c7b7f76c.jpg'),
(16, 'supernova-b1-v2-plakat_3bd776d16a.jpg', '20c82f4f47af25819f7d966dc84306a7.jpg'),
(17, 'kapitan-plakat-cut_947a2310bf.JPG', 'c3b05da83092cb92b254b6f97c311835.JPG'),
(18, 'kapitan-plakat-cut_947a2310bf.JPG', 'a880afa03b85e0304e0230fc5d1734d1.JPG'),
(19, 'tj-plakatf_5b8e87d738.jpg', '571db92dc66b22353cb876e51231ffae.jpg'),
(20, 'miasto-oficjalny-plakat-cut_bfcdf55686.jpg', 'dace324286ca7b20caafd49b744648a8.jpg'),
(21, 'ciche-miejsce-2-plakat_0300926bf1.jpg', 'b90ac8328b0fbbafeb3b0643e7c85afd.jpg');

-- --------------------------------------------------------

--
-- Struktura tabeli dla tabeli `rating`
--

CREATE TABLE `rating` (
  `id` int(11) NOT NULL,
  `id_movie` int(11) NOT NULL,
  `value` int(11) NOT NULL,
  `ip_address` varchar(15) NOT NULL
) ENGINE=InnoDB DEFAULT CHARSET=utf8;

--
-- Zrzut danych tabeli `rating`
--

INSERT INTO `rating` (`id`, `id_movie`, `value`, `ip_address`) VALUES
(1, 9, 5, '81.162.213.234'),
(2, 2, 1, '62.133.153.36'),
(3, 2, 3, '81.162.213.234'),
(4, 11, 1, '109.196.118.191'),
(5, 14, 4, '109.196.118.191'),
(6, 13, 1, '62.133.153.36'),
(7, 1, 2, '81.162.213.234'),
(8, 9, 4, '62.133.153.36'),
(9, 1, 1, '109.196.118.191'),
(10, 7, 5, '62.133.153.36'),
(11, 16, 5, '81.162.213.234'),
(12, 19, 3, '109.196.118.191'),
(13, 17, 5, '81.162.213.234'),
(14, 3, 5, '62.133.153.36'),
(15, 7, 2, '109.196.118.191'),
(16, 11, 1, '81.162.213.234'),
(17, 14, 5, '62.133.153.36'),
(18, 13, 5, '81.162.213.234');

-- --------------------------------------------------------

--
-- Struktura tabeli dla tabeli `review`
--

CREATE TABLE `review` (
  `id` int(11) NOT NULL,
  `id_movie` int(11) NOT NULL,
  `name` varchar(64) NOT NULL,
  `email` varchar(256) NOT NULL,
  `content` text NOT NULL,
  `ip_address` varchar(32) NOT NULL,
  `status` int(11) NOT NULL DEFAULT '1',
  `reported` int(11) NOT NULL DEFAULT '0',
  `date_created` datetime NOT NULL DEFAULT CURRENT_TIMESTAMP,
  `date_modified` datetime NOT NULL DEFAULT CURRENT_TIMESTAMP ON UPDATE CURRENT_TIMESTAMP
) ENGINE=InnoDB DEFAULT CHARSET=latin2;

--
-- Zrzut danych tabeli `review`
--

INSERT INTO `review` (`id`, `id_movie`, `name`, `email`, `content`, `ip_address`, `status`, `reported`, `date_created`, `date_modified`) VALUES
(1, 14, 'Kinomaniak', 'kowalski@prophet061.pl', 'Bardzo fajny film, serdecznie polecam', '109.196.118.191', 1, 0, '2021-06-28 22:18:52', '2021-06-28 22:18:52'),
(2, 9, 'barackObaMa', 'obaMa@wp.pl', 'Great movie! Wspaniałe film!', '81.162.213.234', 1, 0, '2021-06-28 22:18:59', '2021-06-28 22:18:59'),
(3, 11, 'Kinomaniak', 'kowalski@prophet061.pl', 'Żenujący film, serdecznie odradzam wszystkim, szkoda na niego czasu. A i bilety drogie jak nie wiem co.', '109.196.118.191', 1, 0, '2021-06-28 22:19:53', '2021-06-28 22:19:53'),
(4, 2, 'Jakub', 'jakubeks@opl.pl', 'Miałem duże oczekiwania wobec tego filmu, natomiast mocno się zawiodłem, nie polecam, zmarnowane pieniądze.', '62.133.153.36', 1, 0, '2021-06-28 22:20:12', '2021-06-28 22:20:12'),
(5, 2, 'PanPaweł', 'pawel@o2.pl', 'Jedyne co mi się podobało w tym filmie to Scarlett Johansson i popcorn.', '81.162.213.234', 1, 0, '2021-06-28 22:20:30', '2021-06-28 22:20:30'),
(6, 1, 'Kinomaniak', 'kowalski@prophet061.pl', 'Zdecydowanie za mało osób białoskórych w tym filmie!', '109.196.118.191', 1, 0, '2021-06-28 22:21:12', '2021-06-28 22:22:04'),
(7, 13, 'Piotruś', 'pitrusniekrulik@unwfbfq.pl', 'Też jestem Piotruś ale nie jestem krulikiem. 1 gwiastka bo popcorn był smaczny.', '62.133.153.36', 1, 0, '2021-06-28 22:21:32', '2021-06-28 22:21:32'),
(8, 16, 'Kinomaniak', 'kowalski@prophet061.pl', 'Bardzo fajny film, 10/10', '109.196.118.191', 1, 0, '2021-06-28 22:22:52', '2021-06-28 22:22:52'),
(9, 9, 'Luiza', 'luiiiiiii@knax.pl', 'Film pierwsza klasa, akcja wybuchy pościgi, to co kocham, polecam!!!', '62.133.153.36', 1, 0, '2021-06-28 22:23:14', '2021-06-28 22:23:14'),
(10, 1, 'SzypkiDżoł', 'asd@o2.pl', 'Film wydawał się być dobry ale okazał się przeciętny. Mało wybuch&amp;oacute;w, pościgi trwające 30 minut na odległości jednego kilometra. Porażka!', '81.162.213.234', 1, 0, '2021-06-28 22:23:28', '2021-06-28 22:23:28'),
(11, 19, 'Kinomaniak', 'kowalski@prophet061.pl', 'W sumie to całkiem fajny, ale szału nie ma 3/10', '109.196.118.191', 1, 0, '2021-06-28 22:24:12', '2021-06-28 22:24:12'),
(12, 7, 'Paulina', 'paullusia@cocolinnono.com', 'Super bajka, ale strona kina pozostawia wiele do rzyczenia.', '62.133.153.36', 1, 0, '2021-06-28 22:24:23', '2021-06-28 22:25:55'),
(13, 16, 'piotrekZpoznania', 'gaska@o2.pl', 'Film 10/10 bardzo fajny. Moje wibracje!', '81.162.213.234', 1, 0, '2021-06-28 22:25:29', '2021-06-28 22:25:29'),
(14, 3, 'Paweł', 'opwedfqod@wonfwf.pl', 'Świetny film, bawiłem się z żoną przednio. 5!', '62.133.153.36', 1, 0, '2021-06-28 22:25:58', '2021-06-28 22:25:58'),
(15, 7, 'Dżesika', 'kowalski@prophet061.pl', 'Goronco polecam, swiety film!', '109.196.118.191', 1, 0, '2021-06-28 22:26:27', '2021-06-28 22:26:27'),
(16, 17, 'januszIgrazynka', 'asd@o2.pl', 'Nasze pińcetplusy bardzo zadowolone z filmu! 10/10', '81.162.213.234', 1, 0, '2021-06-28 22:26:48', '2021-06-28 22:26:48'),
(17, 11, 'PiesełDalmatyńczyk', 'asdasd@asd.pl', '1/10 dobrze, że chłopaki się jej nie dały!', '81.162.213.234', 1, 0, '2021-06-28 22:28:48', '2021-06-28 22:28:48'),
(18, 15, 'CzerwonyNos', 'asdasd@ase.pl', 'Film nie trafiony. Myślałem, że to nowy poradnik bimrownictwa. Tytuł bardzo mylący!!!!', '81.162.213.234', 1, 0, '2021-06-28 22:30:11', '2021-06-28 22:30:11'),
(19, 14, 'Jakup', 'asd@asd.pl', 'Super film! Polecam każdemu.', '81.162.213.234', 1, 0, '2021-06-28 22:31:20', '2021-06-28 22:31:20'),
(20, 13, 'mariusz', 'asd@pasd.pl', 'No powiem, że bardzo fajny film. Ten kr&amp;oacute;liczek Piotruś to bardzo skoczny kr&amp;oacute;liczek. Polecam oglądnąć ze swoimi pińcetplusami.', '81.162.213.234', 1, 0, '2021-06-28 22:35:13', '2021-06-28 22:35:13');

-- --------------------------------------------------------

--
-- Struktura tabeli dla tabeli `seance`
--

CREATE TABLE `seance` (
  `id` int(11) NOT NULL,
  `id_movie` int(11) NOT NULL,
  `id_hall` int(11) NOT NULL,
  `show_date` timestamp NOT NULL,
  `projection_type` int(11) NOT NULL,
  `price_standard` double(6,2) NOT NULL,
  `price_vip` double(6,2) NOT NULL,
  `status` int(11) NOT NULL DEFAULT '1'
) ENGINE=InnoDB DEFAULT CHARSET=utf8;

--
-- Zrzut danych tabeli `seance`
--

INSERT INTO `seance` (`id`, `id_movie`, `id_hall`, `show_date`, `projection_type`, `price_standard`, `price_vip`, `status`) VALUES
(1, 9, 2, '2021-07-20 13:10:00', 3, 14.00, 19.00, 1),
(2, 9, 2, '2021-07-21 14:45:00', 3, 14.00, 19.00, 1),
(3, 9, 2, '2021-07-24 16:00:00', 1, 15.00, 23.00, 1),
(4, 13, 2, '2021-07-25 09:10:00', 3, 10.00, 15.00, 1),
(5, 13, 2, '2021-07-25 11:00:00', 1, 10.00, 15.00, 1),
(6, 2, 4, '2021-07-23 16:00:00', 2, 20.00, 28.00, 1),
(7, 20, 3, '2021-07-29 18:01:00', 5, 10.00, 20.00, 1),
(8, 6, 2, '2021-07-29 19:30:00', 1, 19.00, 33.00, 1),
(9, 2, 4, '2021-07-23 19:00:00', 1, 20.00, 28.00, 1),
(10, 14, 3, '2021-07-22 11:30:00', 4, 20.00, 30.00, 1),
(11, 15, 2, '2021-07-29 21:30:00', 3, 15.00, 33.00, 0),
(12, 11, 3, '2021-07-31 14:30:00', 1, 18.00, 30.00, 1),
(13, 1, 4, '2021-07-16 13:30:00', 1, 15.00, 25.00, 1),
(14, 1, 4, '2021-07-16 16:00:00', 2, 15.00, 25.00, 1),
(15, 14, 3, '2021-07-22 15:25:00', 6, 15.00, 25.00, 1),
(16, 1, 4, '2021-07-17 16:00:00', 2, 15.00, 25.00, 1),
(17, 16, 4, '2021-07-17 19:00:00', 2, 15.00, 25.00, 1),
(18, 16, 4, '2021-07-18 16:00:00', 2, 15.00, 25.00, 1),
(19, 17, 2, '2021-07-23 10:00:00', 6, 15.00, 25.00, 0),
(20, 17, 4, '2021-07-23 10:00:00', 6, 15.00, 25.00, 1),
(21, 17, 4, '2021-07-24 10:00:00', 6, 15.00, 25.00, 1),
(22, 17, 4, '2021-07-25 10:00:00', 3, 15.00, 25.00, 1),
(23, 4, 2, '2021-07-30 16:30:00', 6, 19.00, 29.00, 1),
(24, 4, 2, '2021-07-31 18:30:00', 6, 19.00, 29.00, 1),
(25, 19, 4, '2021-07-30 16:00:00', 2, 15.00, 25.00, 1),
(26, 5, 2, '2021-07-29 14:30:00', 3, 13.00, 19.00, 1),
(27, 19, 4, '2021-07-31 16:00:00', 2, 15.00, 25.00, 1),
(28, 19, 4, '2021-08-01 16:00:00', 2, 15.00, 25.00, 1),
(29, 3, 4, '2021-07-30 13:00:00', 1, 15.00, 25.00, 1),
(30, 5, 2, '2021-07-22 17:10:00', 3, 15.00, 25.00, 1),
(31, 3, 4, '2022-07-01 17:00:00', 1, 15.00, 25.00, 1);

-- --------------------------------------------------------

--
-- Struktura tabeli dla tabeli `slot`
--

CREATE TABLE `slot` (
  `id` int(11) NOT NULL,
  `id_hall` int(11) NOT NULL,
  `name` varchar(64) NOT NULL,
  `type` varchar(32) NOT NULL,
  `pos_x` int(11) NOT NULL,
  `pos_y` int(11) NOT NULL
) ENGINE=InnoDB DEFAULT CHARSET=utf8;

--
-- Zrzut danych tabeli `slot`
--

INSERT INTO `slot` (`id`, `id_hall`, `name`, `type`, `pos_x`, `pos_y`) VALUES
(1, 1, '', 'screen', 1, 6),
(2, 1, '', 'screen', 1, 7),
(3, 1, '', 'screen', 1, 8),
(4, 1, '', 'screen', 1, 9),
(5, 1, '', 'screen', 1, 10),
(6, 1, '', 'screen', 1, 11),
(7, 1, '', 'screen', 1, 12),
(8, 1, '', 'screen', 1, 13),
(9, 1, '', 'screen', 1, 14),
(10, 1, '', 'screen', 1, 15),
(11, 1, '', 'seat', 3, 3),
(12, 1, '', 'seat', 3, 4),
(13, 1, '', 'seat', 3, 5),
(14, 1, '', 'seat', 3, 6),
(15, 1, '', 'seat', 3, 7),
(16, 1, '', 'seat', 3, 14),
(17, 1, '', 'seat', 3, 15),
(18, 1, '', 'seat', 3, 16),
(19, 1, '', 'seat', 3, 17),
(20, 1, '', 'seat', 3, 18),
(21, 1, '', 'seat', 4, 3),
(22, 1, '', 'seat', 4, 4),
(23, 1, '', 'seat', 4, 5),
(24, 1, '', 'seat', 4, 6),
(25, 1, '', 'seat', 4, 7),
(26, 1, '', 'seat', 4, 14),
(27, 1, '', 'seat', 4, 15),
(28, 1, '', 'seat', 4, 16),
(29, 1, '', 'seat', 4, 17),
(30, 1, '', 'seat', 4, 18),
(31, 1, '', 'seat', 6, 3),
(32, 1, '', 'seat', 6, 4),
(33, 1, '', 'seat', 6, 5),
(34, 1, '', 'seat', 6, 6),
(35, 1, '', 'seat', 6, 7),
(36, 1, '', 'seat', 6, 14),
(37, 1, '', 'seat', 6, 15),
(38, 1, '', 'seat', 6, 16),
(39, 1, '', 'seat', 6, 17),
(40, 1, '', 'seat', 6, 18),
(41, 1, '', 'seat', 7, 3),
(42, 1, '', 'seat', 7, 4),
(43, 1, '', 'seat', 7, 5),
(44, 1, '', 'seat', 7, 6),
(45, 1, '', 'seat', 7, 7),
(46, 1, '', 'vip', 7, 9),
(47, 1, '', 'vip', 7, 10),
(48, 1, '', 'vip', 7, 11),
(49, 1, '', 'vip', 7, 12),
(50, 1, '', 'seat', 7, 14),
(51, 1, '', 'seat', 7, 15),
(52, 1, '', 'seat', 7, 16),
(53, 1, '', 'seat', 7, 17),
(54, 1, '', 'seat', 7, 18),
(55, 1, '', 'seat', 9, 3),
(56, 1, '', 'seat', 9, 4),
(57, 1, '', 'seat', 9, 5),
(58, 1, '', 'seat', 9, 6),
(59, 1, '', 'seat', 9, 7),
(60, 1, '', 'vip', 9, 9),
(61, 1, '', 'vip', 9, 10),
(62, 1, '', 'vip', 9, 11),
(63, 1, '', 'vip', 9, 12),
(64, 1, '', 'seat', 9, 14),
(65, 1, '', 'seat', 9, 15),
(66, 1, '', 'seat', 9, 16),
(67, 1, '', 'seat', 9, 17),
(68, 1, '', 'seat', 9, 18),
(69, 1, '', 'seat', 10, 3),
(70, 1, '', 'seat', 10, 4),
(71, 1, '', 'seat', 10, 5),
(72, 1, '', 'seat', 10, 6),
(73, 1, '', 'seat', 10, 7),
(74, 1, '', 'seat', 10, 14),
(75, 1, '', 'seat', 10, 15),
(76, 1, '', 'seat', 10, 16),
(77, 1, '', 'seat', 10, 17),
(78, 1, '', 'seat', 10, 18),
(79, 2, '', 'screen', 1, 6),
(80, 2, '', 'screen', 1, 7),
(81, 2, '', 'screen', 1, 8),
(82, 2, '', 'screen', 1, 9),
(83, 2, '', 'screen', 1, 10),
(84, 2, '', 'screen', 1, 11),
(85, 2, '', 'screen', 1, 12),
(86, 2, '', 'screen', 1, 13),
(87, 2, '', 'screen', 1, 14),
(88, 2, '', 'screen', 1, 15),
(89, 2, '', 'seat', 3, 2),
(90, 2, '', 'seat', 3, 3),
(91, 2, '', 'seat', 3, 4),
(92, 2, '', 'seat', 3, 7),
(93, 2, '', 'seat', 3, 8),
(94, 2, '', 'seat', 3, 9),
(95, 2, '', 'seat', 3, 10),
(96, 2, '', 'seat', 3, 11),
(97, 2, '', 'seat', 3, 12),
(98, 2, '', 'seat', 3, 13),
(99, 2, '', 'seat', 3, 14),
(100, 2, '', 'seat', 3, 17),
(101, 2, '', 'seat', 3, 18),
(102, 2, '', 'seat', 3, 19),
(103, 2, '', 'seat', 4, 2),
(104, 2, '', 'seat', 4, 3),
(105, 2, '', 'seat', 4, 4),
(106, 2, '', 'seat', 4, 7),
(107, 2, '', 'seat', 4, 8),
(108, 2, '', 'seat', 4, 9),
(109, 2, '', 'seat', 4, 10),
(110, 2, '', 'seat', 4, 11),
(111, 2, '', 'seat', 4, 12),
(112, 2, '', 'seat', 4, 13),
(113, 2, '', 'seat', 4, 14),
(114, 2, '', 'seat', 4, 17),
(115, 2, '', 'seat', 4, 18),
(116, 2, '', 'seat', 4, 19),
(117, 2, '', 'seat', 5, 2),
(118, 2, '', 'seat', 5, 3),
(119, 2, '', 'seat', 5, 4),
(120, 2, '', 'seat', 5, 17),
(121, 2, '', 'seat', 5, 18),
(122, 2, '', 'seat', 5, 19),
(123, 2, '', 'seat', 6, 2),
(124, 2, '', 'seat', 6, 3),
(125, 2, '', 'seat', 6, 4),
(126, 2, '', 'seat', 6, 7),
(127, 2, '', 'seat', 6, 8),
(128, 2, '', 'seat', 6, 9),
(129, 2, '', 'seat', 6, 10),
(130, 2, '', 'seat', 6, 11),
(131, 2, '', 'seat', 6, 12),
(132, 2, '', 'seat', 6, 13),
(133, 2, '', 'seat', 6, 14),
(134, 2, '', 'seat', 6, 17),
(135, 2, '', 'seat', 6, 18),
(136, 2, '', 'seat', 6, 19),
(137, 2, '', 'seat', 7, 2),
(138, 2, '', 'seat', 7, 3),
(139, 2, '', 'seat', 7, 4),
(140, 2, '', 'seat', 7, 7),
(141, 2, '', 'seat', 7, 8),
(142, 2, '', 'seat', 7, 9),
(143, 2, '', 'seat', 7, 10),
(144, 2, '', 'seat', 7, 11),
(145, 2, '', 'seat', 7, 12),
(146, 2, '', 'seat', 7, 13),
(147, 2, '', 'seat', 7, 14),
(148, 2, '', 'seat', 7, 17),
(149, 2, '', 'seat', 7, 18),
(150, 2, '', 'seat', 7, 19),
(151, 2, '', 'seat', 8, 2),
(152, 2, '', 'seat', 8, 3),
(153, 2, '', 'seat', 8, 4),
(154, 2, '', 'seat', 8, 17),
(155, 2, '', 'seat', 8, 18),
(156, 2, '', 'seat', 8, 19),
(157, 2, '', 'seat', 9, 2),
(158, 2, '', 'seat', 9, 3),
(159, 2, '', 'seat', 9, 18),
(160, 2, '', 'seat', 9, 19),
(161, 2, '', 'seat', 10, 2),
(162, 2, '', 'seat', 10, 3),
(163, 2, '', 'seat', 10, 18),
(164, 2, '', 'seat', 10, 19),
(165, 2, '', 'seat', 11, 2),
(166, 2, '', 'seat', 11, 3),
(167, 2, '', 'vip', 11, 7),
(168, 2, '', 'vip', 11, 8),
(169, 2, '', 'vip', 11, 9),
(170, 2, '', 'vip', 11, 12),
(171, 2, '', 'vip', 11, 13),
(172, 2, '', 'vip', 11, 14),
(173, 2, '', 'seat', 11, 18),
(174, 2, '', 'seat', 11, 19),
(175, 2, '', 'vip', 13, 4),
(176, 2, '', 'vip', 13, 5),
(177, 2, '', 'vip', 13, 6),
(178, 2, '', 'vip', 13, 7),
(179, 2, '', 'vip', 13, 9),
(180, 2, '', 'vip', 13, 10),
(181, 2, '', 'vip', 13, 11),
(182, 2, '', 'vip', 13, 12),
(183, 2, '', 'vip', 13, 14),
(184, 2, '', 'vip', 13, 15),
(185, 2, '', 'vip', 13, 16),
(186, 2, '', 'vip', 13, 17),
(187, 3, '', 'screen', 1, 4),
(188, 3, '', 'screen', 1, 5),
(189, 3, '', 'screen', 1, 6),
(190, 3, '', 'screen', 1, 7),
(191, 3, '', 'screen', 1, 8),
(192, 3, '', 'screen', 1, 9),
(193, 3, '', 'screen', 1, 10),
(194, 3, '', 'screen', 1, 11),
(195, 3, '', 'seat', 3, 4),
(196, 3, '', 'seat', 3, 5),
(197, 3, '', 'seat', 3, 6),
(198, 3, '', 'seat', 3, 7),
(199, 3, '', 'seat', 3, 8),
(200, 3, '', 'seat', 3, 9),
(201, 3, '', 'seat', 3, 10),
(202, 3, '', 'seat', 3, 11),
(203, 3, '', 'seat', 4, 4),
(204, 3, '', 'seat', 4, 5),
(205, 3, '', 'seat', 4, 6),
(206, 3, '', 'seat', 4, 7),
(207, 3, '', 'seat', 4, 8),
(208, 3, '', 'seat', 4, 9),
(209, 3, '', 'seat', 4, 10),
(210, 3, '', 'seat', 4, 11),
(211, 3, '', 'seat', 5, 4),
(212, 3, '', 'seat', 5, 5),
(213, 3, '', 'seat', 5, 6),
(214, 3, '', 'seat', 5, 7),
(215, 3, '', 'seat', 5, 8),
(216, 3, '', 'seat', 5, 9),
(217, 3, '', 'seat', 5, 10),
(218, 3, '', 'seat', 5, 11),
(219, 3, '', 'vip', 8, 2),
(220, 3, '', 'vip', 8, 13),
(221, 3, '', 'vip', 9, 3),
(222, 3, '', 'vip', 9, 12),
(223, 3, '', 'vip', 10, 4),
(224, 3, '', 'vip', 10, 5),
(225, 3, '', 'vip', 10, 6),
(226, 3, '', 'vip', 10, 7),
(227, 3, '', 'vip', 10, 8),
(228, 3, '', 'vip', 10, 9),
(229, 3, '', 'vip', 10, 10),
(230, 3, '', 'vip', 10, 11),
(231, 4, '', 'screen', 1, 2),
(232, 4, '', 'screen', 1, 3),
(233, 4, '', 'screen', 1, 4),
(234, 4, '', 'screen', 1, 5),
(235, 4, '', 'screen', 1, 6),
(236, 4, '', 'screen', 1, 7),
(237, 4, '', 'screen', 1, 8),
(238, 4, '', 'screen', 1, 9),
(239, 4, '', 'screen', 1, 10),
(240, 4, '', 'screen', 1, 11),
(241, 4, '', 'screen', 1, 12),
(242, 4, '', 'screen', 1, 13),
(243, 4, '', 'screen', 1, 14),
(244, 4, '', 'screen', 1, 15),
(245, 4, '', 'screen', 1, 16),
(246, 4, '', 'screen', 1, 17),
(247, 4, '', 'seat', 3, 1),
(248, 4, '', 'seat', 3, 2),
(249, 4, '', 'seat', 3, 4),
(250, 4, '', 'seat', 3, 5),
(251, 4, '', 'seat', 3, 6),
(252, 4, '', 'seat', 3, 7),
(253, 4, '', 'seat', 3, 8),
(254, 4, '', 'seat', 3, 9),
(255, 4, '', 'seat', 3, 10),
(256, 4, '', 'seat', 3, 11),
(257, 4, '', 'seat', 3, 12),
(258, 4, '', 'seat', 3, 13),
(259, 4, '', 'seat', 3, 14),
(260, 4, '', 'seat', 3, 15),
(261, 4, '', 'seat', 3, 17),
(262, 4, '', 'seat', 3, 18),
(263, 4, '', 'seat', 4, 1),
(264, 4, '', 'seat', 4, 2),
(265, 4, '', 'seat', 4, 4),
(266, 4, '', 'seat', 4, 5),
(267, 4, '', 'seat', 4, 6),
(268, 4, '', 'seat', 4, 7),
(269, 4, '', 'seat', 4, 8),
(270, 4, '', 'seat', 4, 9),
(271, 4, '', 'seat', 4, 10),
(272, 4, '', 'seat', 4, 11),
(273, 4, '', 'seat', 4, 12),
(274, 4, '', 'seat', 4, 13),
(275, 4, '', 'seat', 4, 14),
(276, 4, '', 'seat', 4, 15),
(277, 4, '', 'seat', 4, 17),
(278, 4, '', 'seat', 4, 18),
(279, 4, '', 'seat', 5, 1),
(280, 4, '', 'seat', 5, 2),
(281, 4, '', 'seat', 5, 4),
(282, 4, '', 'seat', 5, 5),
(283, 4, '', 'seat', 5, 6),
(284, 4, '', 'seat', 5, 7),
(285, 4, '', 'seat', 5, 8),
(286, 4, '', 'seat', 5, 9),
(287, 4, '', 'seat', 5, 10),
(288, 4, '', 'seat', 5, 11),
(289, 4, '', 'seat', 5, 12),
(290, 4, '', 'seat', 5, 13),
(291, 4, '', 'seat', 5, 14),
(292, 4, '', 'seat', 5, 15),
(293, 4, '', 'seat', 5, 17),
(294, 4, '', 'seat', 5, 18),
(295, 4, '', 'seat', 6, 1),
(296, 4, '', 'seat', 6, 2),
(297, 4, '', 'seat', 6, 4),
(298, 4, '', 'seat', 6, 5),
(299, 4, '', 'seat', 6, 6),
(300, 4, '', 'seat', 6, 7),
(301, 4, '', 'seat', 6, 8),
(302, 4, '', 'seat', 6, 9),
(303, 4, '', 'seat', 6, 10),
(304, 4, '', 'seat', 6, 11),
(305, 4, '', 'seat', 6, 12),
(306, 4, '', 'seat', 6, 13),
(307, 4, '', 'seat', 6, 14),
(308, 4, '', 'seat', 6, 15),
(309, 4, '', 'seat', 6, 17),
(310, 4, '', 'seat', 6, 18),
(311, 4, '', 'vip', 8, 4),
(312, 4, '', 'vip', 8, 5),
(313, 4, '', 'vip', 8, 6),
(314, 4, '', 'vip', 8, 7),
(315, 4, '', 'vip', 8, 9),
(316, 4, '', 'vip', 8, 10),
(317, 4, '', 'vip', 8, 12),
(318, 4, '', 'vip', 8, 13),
(319, 4, '', 'vip', 8, 14),
(320, 4, '', 'vip', 8, 15),
(321, 4, '', 'vip', 10, 2),
(322, 4, '', 'vip', 10, 3),
(323, 4, '', 'vip', 10, 4),
(324, 4, '', 'vip', 10, 5),
(325, 4, '', 'vip', 10, 6),
(326, 4, '', 'vip', 10, 7),
(327, 4, '', 'vip', 10, 8),
(328, 4, '', 'vip', 10, 9),
(329, 4, '', 'vip', 10, 10),
(330, 4, '', 'vip', 10, 11),
(331, 4, '', 'vip', 10, 12),
(332, 4, '', 'vip', 10, 13),
(333, 4, '', 'vip', 10, 14),
(334, 4, '', 'vip', 10, 15),
(335, 4, '', 'vip', 10, 16),
(336, 4, '', 'vip', 10, 17);

-- --------------------------------------------------------

--
-- Struktura tabeli dla tabeli `trailer`
--

CREATE TABLE `trailer` (
  `id` int(11) NOT NULL,
  `id_movie` int(11) NOT NULL,
  `title` varchar(64) NOT NULL,
  `description` text NOT NULL,
  `premiere_date` timestamp NOT NULL,
  `source` varchar(512) NOT NULL,
  `status` int(11) NOT NULL DEFAULT '1'
) ENGINE=InnoDB DEFAULT CHARSET=utf8;

--
-- Zrzut danych tabeli `trailer`
--

INSERT INTO `trailer` (`id`, `id_movie`, `title`, `description`, `premiere_date`, `source`, `status`) VALUES
(1, 1, 'Szybcy i wściekli 9 - oficjalny zwiastun', '', '2021-04-13 22:00:00', 'https://youtu.be/UBQDay4fROo', 0),
(2, 1, 'Szybcy i wściekli 9 - oficjalny zwiastun', '', '2021-04-13 22:00:00', 'UBQDay4fROo', 1),
(3, 1, 'Czarna Wdowa - zwiastun 1', '', '2019-12-02 23:00:00', 'z5GpXhQ58BM', 0),
(4, 2, 'Czarna Wdowa - zwiastun 1', '', '2019-12-02 23:00:00', 'z5GpXhQ58BM', 1),
(5, 3, 'W jak morderstwo - oficjalny zwiastun', '', '2021-05-17 22:00:00', '4szvdPxgqz0', 1),
(6, 4, 'OBECNOŚĆ 3: NA ROZKAZ DIABŁA - Oficjalny zwiastun #1', '', '2021-04-21 22:00:00', 'TX1mag3T-2k', 1),
(7, 4, 'OBECNOŚĆ 3: NA ROZKAZ DIABŁA - Oficjalny zwiastun #2', '', '2021-05-31 22:00:00', 'BUkNOEOX9vU', 1),
(8, 5, 'NA RAUSZU - WKRÓTCE W KINACH', '', '2020-12-08 23:00:00', 'Ten eksperyment to jazda bez trzymanki! „Na rauszu” opowiada historię grupy przyjaciół, nauczycieli szkoły średniej, zainspirowanych teorią, że skromna dawka czegoś mocniejszego pozwala otworzyć się na świat i lepiej w nim funkcjonować.', 0),
(9, 5, 'NA RAUSZU - WKRÓTCE W KINACH', '', '2020-12-08 23:00:00', 'oB0j3eFcxZc', 1),
(10, 7, 'Luca - zwiastun #1', '', '2021-02-20 23:00:00', 'BxuZbXuAITQ', 1),
(11, 6, 'Skąd się biorą sny', '', '2020-10-22 22:00:00', 'https://youtu.be/xKh8WIZy4l4', 0),
(12, 8, 'Skąd się biorą sny', '', '2020-10-22 22:00:00', 'https://youtu.be/xKh8WIZy4l4', 0),
(13, 9, 'CI, KTÓRZY ŻYCZĄ MI ŚMIERCI - Oficjalny zwiastun PL', '', '2021-04-06 22:00:00', '1cHo1WFofM4', 1),
(14, 6, 'Spirala: nowy rozdział serii \"Piła\"', '', '2021-04-01 22:00:00', 'uxLjEq5hocY', 1),
(15, 10, 'Jeden gniewny człowiek - polski zwiastun', '', '2021-05-11 22:00:00', 'HzD7YnSV3hk', 1),
(16, 8, 'Skąd się biorą sny', '', '2020-10-22 22:00:00', 'xKh8WIZy4l4', 1),
(17, 11, 'Cruella - zwiastun #1', '', '2021-02-21 23:00:00', 'uIgF0r5XlFU', 1),
(18, 12, 'TOM & JERRY', '', '2020-11-16 23:00:00', '0NbEtPILJk8', 1),
(19, 13, 'Piotruś Królik 2: Na gigancie – nowy zwiastun!', '', '2021-05-12 22:00:00', 'pDaZlrqD1xM', 1),
(20, 17, 'Kapitan Szablozęby i magiczny diament', '', '2021-05-30 22:00:00', '7OCUIx9clfk', 1),
(21, 20, 'Ciche miejsce 2', '', '2021-05-05 22:00:00', 'H6VSj_sIELo', 1);

-- --------------------------------------------------------

--
-- Struktura tabeli dla tabeli `user`
--

CREATE TABLE `user` (
  `id` int(11) NOT NULL,
  `first_name` varchar(64) NOT NULL,
  `last_name` varchar(64) NOT NULL,
  `email` varchar(256) NOT NULL,
  `password` varchar(32) NOT NULL,
  `access_token` varchar(32) NOT NULL,
  `auth_key` varchar(32) NOT NULL,
  `date_login` datetime DEFAULT NULL,
  `ip_address` varchar(32) DEFAULT NULL,
  `date_created` datetime NOT NULL DEFAULT CURRENT_TIMESTAMP,
  `date_modified` datetime NOT NULL ON UPDATE CURRENT_TIMESTAMP
) ENGINE=InnoDB DEFAULT CHARSET=latin2;

--
-- Zrzut danych tabeli `user`
--

INSERT INTO `user` (`id`, `first_name`, `last_name`, `email`, `password`, `access_token`, `auth_key`, `date_login`, `ip_address`, `date_created`, `date_modified`) VALUES
(1, 'Jakub', 'Janusz', 'w62006@student.wsiz.edu.pl', 'dbb06e4674efa9f54313059586f96c57', 'hgISTIlarfYX3fXZq5dzu5TR84vrcuSI', 'losjFoQu9YAju6W0PQvTJEWdN421Yv7I', NULL, NULL, '2021-06-25 20:19:41', '2021-06-25 20:19:43'),
(6, 'Jakub', 'Saładiak', 'w55244@student.wsiz.edu.pl', '25bc9073178cd84cabbce2e0ad2e122f', 'q3iqzoIvvsHJNj3iy4SX8i1jrj9Bov4D', 'tdahrfDXJ6BDQeIYrDD34I5iMPG1swR9', '2021-06-28 21:25:43', '62.133.153.36', '2021-06-25 21:52:52', '2021-06-28 21:25:43'),
(7, 'Michał', 'Cwanek', 'w62015@student.wsiz.edu.pl', 'd103e4761ab2a6b4c9cbac9758ca79e0', 'unmOB6YM8OBzEXJVuI3oCG14wotqy46r', 'd5OytrHUlT4hPNh2TiIjLqXfQqgkhV6G', '2021-06-28 21:04:54', '81.162.213.234', '2021-06-25 21:54:14', '2021-06-28 21:04:54'),
(9, 'Support', 'Alpakino', 'support@prophet061.pl', 'dbb06e4674efa9f54313059586f96c57', 'CfxBrhEO2L4Y3nzskwDKWiVj7KTadE2c', 'JphSj2Iscbzt6It2SXL0BQmRxB7bPefR', '2021-06-28 20:00:52', '109.196.118.191', '2021-06-25 22:23:13', '2021-06-28 20:00:52'),
(10, 'Wiesław', 'Paja', 'wpaja@wsiz.edu.pl', '36f77664d93ffa3044a84074b74b5d68', 'QxXJKJiQ4rY6GXuQygLtdKeoezeAKNpP', 'Inw0JQv8mehCuOWnoD76dDy3YWiFPg8k', NULL, NULL, '2021-06-28 21:44:26', '0000-00-00 00:00:00');

--
-- Indeksy dla zrzutów tabel
--

--
-- Indeksy dla tabeli `booking`
--
ALTER TABLE `booking`
  ADD PRIMARY KEY (`id`);

--
-- Indeksy dla tabeli `booking_seat`
--
ALTER TABLE `booking_seat`
  ADD PRIMARY KEY (`id`);

--
-- Indeksy dla tabeli `country`
--
ALTER TABLE `country`
  ADD PRIMARY KEY (`id`);

--
-- Indeksy dla tabeli `director`
--
ALTER TABLE `director`
  ADD PRIMARY KEY (`id`);

--
-- Indeksy dla tabeli `director_picture`
--
ALTER TABLE `director_picture`
  ADD PRIMARY KEY (`id`);

--
-- Indeksy dla tabeli `genre`
--
ALTER TABLE `genre`
  ADD PRIMARY KEY (`id`);

--
-- Indeksy dla tabeli `hall`
--
ALTER TABLE `hall`
  ADD PRIMARY KEY (`id`);

--
-- Indeksy dla tabeli `movie`
--
ALTER TABLE `movie`
  ADD PRIMARY KEY (`id`);

--
-- Indeksy dla tabeli `poster`
--
ALTER TABLE `poster`
  ADD PRIMARY KEY (`id`);

--
-- Indeksy dla tabeli `rating`
--
ALTER TABLE `rating`
  ADD PRIMARY KEY (`id`);

--
-- Indeksy dla tabeli `review`
--
ALTER TABLE `review`
  ADD PRIMARY KEY (`id`);

--
-- Indeksy dla tabeli `seance`
--
ALTER TABLE `seance`
  ADD PRIMARY KEY (`id`);

--
-- Indeksy dla tabeli `slot`
--
ALTER TABLE `slot`
  ADD PRIMARY KEY (`id`);

--
-- Indeksy dla tabeli `trailer`
--
ALTER TABLE `trailer`
  ADD PRIMARY KEY (`id`);

--
-- Indeksy dla tabeli `user`
--
ALTER TABLE `user`
  ADD PRIMARY KEY (`id`);

--
-- AUTO_INCREMENT dla zrzuconych tabel
--

--
-- AUTO_INCREMENT dla tabeli `booking`
--
ALTER TABLE `booking`
  MODIFY `id` int(11) NOT NULL AUTO_INCREMENT, AUTO_INCREMENT=2;

--
-- AUTO_INCREMENT dla tabeli `booking_seat`
--
ALTER TABLE `booking_seat`
  MODIFY `id` int(11) NOT NULL AUTO_INCREMENT, AUTO_INCREMENT=5;

--
-- AUTO_INCREMENT dla tabeli `country`
--
ALTER TABLE `country`
  MODIFY `id` int(11) NOT NULL AUTO_INCREMENT, AUTO_INCREMENT=240;

--
-- AUTO_INCREMENT dla tabeli `director`
--
ALTER TABLE `director`
  MODIFY `id` int(11) NOT NULL AUTO_INCREMENT, AUTO_INCREMENT=1742;

--
-- AUTO_INCREMENT dla tabeli `director_picture`
--
ALTER TABLE `director_picture`
  MODIFY `id` int(11) NOT NULL AUTO_INCREMENT, AUTO_INCREMENT=25;

--
-- AUTO_INCREMENT dla tabeli `genre`
--
ALTER TABLE `genre`
  MODIFY `id` int(11) NOT NULL AUTO_INCREMENT, AUTO_INCREMENT=36;

--
-- AUTO_INCREMENT dla tabeli `hall`
--
ALTER TABLE `hall`
  MODIFY `id` int(11) NOT NULL AUTO_INCREMENT, AUTO_INCREMENT=5;

--
-- AUTO_INCREMENT dla tabeli `movie`
--
ALTER TABLE `movie`
  MODIFY `id` int(11) NOT NULL AUTO_INCREMENT, AUTO_INCREMENT=21;

--
-- AUTO_INCREMENT dla tabeli `poster`
--
ALTER TABLE `poster`
  MODIFY `id` int(11) NOT NULL AUTO_INCREMENT, AUTO_INCREMENT=22;

--
-- AUTO_INCREMENT dla tabeli `rating`
--
ALTER TABLE `rating`
  MODIFY `id` int(11) NOT NULL AUTO_INCREMENT, AUTO_INCREMENT=19;

--
-- AUTO_INCREMENT dla tabeli `review`
--
ALTER TABLE `review`
  MODIFY `id` int(11) NOT NULL AUTO_INCREMENT, AUTO_INCREMENT=21;

--
-- AUTO_INCREMENT dla tabeli `seance`
--
ALTER TABLE `seance`
  MODIFY `id` int(11) NOT NULL AUTO_INCREMENT, AUTO_INCREMENT=32;

--
-- AUTO_INCREMENT dla tabeli `slot`
--
ALTER TABLE `slot`
  MODIFY `id` int(11) NOT NULL AUTO_INCREMENT, AUTO_INCREMENT=337;

--
-- AUTO_INCREMENT dla tabeli `trailer`
--
ALTER TABLE `trailer`
  MODIFY `id` int(11) NOT NULL AUTO_INCREMENT, AUTO_INCREMENT=22;

--
-- AUTO_INCREMENT dla tabeli `user`
--
ALTER TABLE `user`
  MODIFY `id` int(11) NOT NULL AUTO_INCREMENT, AUTO_INCREMENT=11;
COMMIT;

/*!40101 SET CHARACTER_SET_CLIENT=@OLD_CHARACTER_SET_CLIENT */;
/*!40101 SET CHARACTER_SET_RESULTS=@OLD_CHARACTER_SET_RESULTS */;
/*!40101 SET COLLATION_CONNECTION=@OLD_COLLATION_CONNECTION */;
